customer_id,total_transactions,active_days,total_transaction_value,average_transaction_amount,maximum_transaction_amount,historical_fraud_transactions,historical_fraud_rate,average_transaction_velocity,maximum_transaction_velocity,rapid_transaction_count,amount_anomaly_count,international_transaction_count,digital_transaction_count,average_behavioural_risk_score,maximum_behavioural_risk_score
100001,7,7,454.31,64.901429,169.00,0,0.0000,1.00000000,1.0000,0,0,5,4,1.2857,2
100002,9,9,1123.67,124.852222,678.06,0,0.0000,1.00000000,1.0000,0,1,6,4,1.3333,3
100003,7,7,475.41,67.915714,291.14,0,0.0000,1.00000000,1.0000,0,0,4,3,1.0000,2
100004,8,8,583.42,72.927500,482.00,0,0.0000,1.00000000,1.0000,0,0,6,3,1.2500,2
100005,6,6,420.01,70.001667,90.26,0,0.0000,1.00000000,1.0000,0,0,3,3,1.0000,2
100006,7,7,230.18,32.882857,79.36,0,0.0000,1.00000000,1.0000,0,0,6,2,1.1429,2
100007,4,4,399.35,99.837500,198.71,0,0.0000,1.00000000,1.0000,0,0,4,2,1.5000,2
100008,7,7,2354.68,336.382857,1483.82,1,0.1429,1.00000000,1.0000,0,1,4,4,1.4286,3
100009,4,4,300.02,75.005000,170.59,0,0.0000,1.00000000,1.0000,0,0,2,2,1.0000,2
100010,9,9,320.73,35.636667,53.25,1,0.1111,1.00000000,1.0000,0,0,8,4,1.3333,2
100011,12,12,1389.04,115.753333,462.31,0,0.0000,1.00000000,1.0000,0,0,6,10,1.4167,3
100012,10,10,1450.43,145.043000,702.28,0,0.0000,1.00000000,1.0000,0,1,7,5,1.5000,2
100013,8,8,1555.32,194.415000,879.74,1,0.1250,1.00000000,1.0000,0,1,4,7,1.6250,4
100014,10,10,1456.30,145.630000,1135.95,1,0.1000,1.10000000,2.0000,0,1,5,4,1.1000,4
100015,7,7,595.46,85.065714,463.34,0,0.0000,1.00000000,1.0000,0,0,5,6,1.7143,2
100016,5,5,369.24,73.848000,124.46,0,0.0000,1.00000000,1.0000,0,0,4,4,1.6000,2
100017,9,9,399.55,44.394444,177.94,0,0.0000,1.00000000,1.0000,0,0,6,6,1.3333,2
100018,5,5,426.62,85.324000,202.55,0,0.0000,1.00000000,1.0000,0,0,4,2,1.2000,2
100019,9,9,1838.11,204.234444,1138.49,1,0.1111,1.00000000,1.0000,0,1,5,7,1.5556,3
100020,10,10,610.63,61.063000,142.93,1,0.1000,1.00000000,1.0000,0,0,8,6,1.4000,2
100021,4,4,180.12,45.030000,151.61,0,0.0000,1.00000000,1.0000,0,0,3,0,0.7500,1
100022,6,6,364.01,60.668333,139.34,2,0.3333,1.00000000,1.0000,0,0,5,4,1.5000,2
100023,9,9,787.10,87.455556,308.76,0,0.0000,1.00000000,1.0000,0,0,6,6,1.3333,2
100024,6,6,641.86,106.976667,422.54,0,0.0000,1.00000000,1.0000,0,0,5,3,1.5000,3
100025,6,6,377.47,62.911667,97.33,0,0.0000,1.00000000,1.0000,0,0,3,2,0.8333,2
100026,6,6,763.47,127.245000,280.54,2,0.3333,1.00000000,1.0000,0,0,4,4,1.3333,2
100027,7,7,328.03,46.861429,153.99,0,0.0000,1.00000000,1.0000,0,0,4,3,1.0000,2
100028,8,8,591.65,73.956250,294.80,0,0.0000,1.00000000,1.0000,0,0,6,4,1.2500,2
100029,8,8,244.45,30.556250,77.00,0,0.0000,1.00000000,1.0000,0,0,4,5,1.1250,2
100030,7,7,724.71,103.530000,329.12,0,0.0000,1.00000000,1.0000,0,0,6,4,1.5714,3
100031,8,8,496.81,62.101250,134.03,0,0.0000,1.00000000,1.0000,0,0,5,2,0.8750,2
100032,4,4,339.30,84.825000,175.45,0,0.0000,1.00000000,1.0000,0,0,3,0,0.7500,1
100033,9,9,378.17,42.018889,81.94,0,0.0000,1.00000000,1.0000,0,0,5,5,1.1111,2
100034,5,5,712.45,142.490000,391.05,1,0.2000,1.00000000,1.0000,0,0,3,5,1.8000,2
100035,4,4,108.32,27.080000,42.79,1,0.2500,1.00000000,1.0000,0,0,2,3,1.2500,2
100036,3,3,218.83,72.943333,151.16,0,0.0000,1.00000000,1.0000,0,0,3,1,1.3333,2
100037,8,8,510.00,63.750000,155.61,0,0.0000,1.00000000,1.0000,0,0,6,5,1.3750,2
100038,10,10,863.38,86.338000,480.13,0,0.0000,1.00000000,1.0000,0,0,4,5,1.0000,3
100039,8,8,277.40,34.675000,72.73,0,0.0000,1.00000000,1.0000,0,0,7,6,1.6250,2
100040,4,4,411.42,102.855000,161.73,1,0.2500,1.00000000,1.0000,0,0,2,3,1.2500,2
100041,10,10,579.04,57.904000,92.69,0,0.0000,1.00000000,1.0000,0,0,9,6,1.5000,2
100042,5,5,391.11,78.222000,256.64,0,0.0000,1.00000000,1.0000,0,0,3,5,1.6000,2
100043,6,6,995.33,165.888333,799.56,1,0.1667,1.00000000,1.0000,0,1,5,3,1.6667,4
100044,4,4,348.49,87.122500,185.59,0,0.0000,1.00000000,1.0000,0,0,2,1,0.7500,1
100045,5,5,648.32,129.664000,419.91,1,0.2000,1.00000000,1.0000,0,0,2,3,1.2000,2
100046,11,11,574.52,52.229091,191.29,0,0.0000,1.00000000,1.0000,0,0,8,6,1.2727,2
100047,7,7,273.92,39.131429,87.74,0,0.0000,1.00000000,1.0000,0,0,4,4,1.1429,2
100048,11,11,1038.12,94.374545,275.76,0,0.0000,1.00000000,1.0000,0,0,7,4,1.0000,2
100049,6,6,670.02,111.670000,153.73,0,0.0000,1.00000000,1.0000,0,0,3,3,1.0000,2
100050,6,6,423.55,70.591667,223.38,0,0.0000,1.00000000,1.0000,0,0,3,3,1.0000,2
100051,9,9,929.48,103.275556,245.68,0,0.0000,1.00000000,1.0000,0,0,9,3,1.3333,2
100052,8,8,2097.55,262.193750,1506.01,1,0.1250,1.00000000,1.0000,0,1,4,5,1.5000,2
100053,8,7,525.28,65.660000,195.14,0,0.0000,1.25000000,2.0000,0,0,4,4,1.0000,2
100054,8,8,418.08,52.260000,204.44,0,0.0000,1.00000000,1.0000,0,0,6,3,1.1250,2
100055,4,4,307.11,76.777500,220.94,0,0.0000,1.00000000,1.0000,0,0,1,3,1.0000,2
100056,9,9,427.01,47.445556,98.52,0,0.0000,1.00000000,1.0000,0,0,8,3,1.2222,2
100057,7,7,591.34,84.477143,221.97,0,0.0000,1.00000000,1.0000,0,0,2,5,1.0000,2
100058,5,5,225.05,45.010000,76.33,0,0.0000,1.00000000,1.0000,0,0,3,2,1.0000,2
100059,8,8,904.22,113.027500,467.75,0,0.0000,1.00000000,1.0000,0,0,6,5,1.5000,2
100060,7,7,3430.39,490.055714,3226.56,0,0.0000,1.00000000,1.0000,0,1,4,5,1.5714,4
100061,9,9,748.90,83.211111,376.87,0,0.0000,1.00000000,1.0000,0,0,5,4,1.1111,2
100062,10,10,2345.93,234.593000,1004.72,1,0.1000,1.00000000,1.0000,0,1,9,7,1.9000,4
100063,6,6,165.38,27.563333,104.39,0,0.0000,1.00000000,1.0000,0,0,5,3,1.3333,2
100064,7,7,417.32,59.617143,235.16,0,0.0000,1.00000000,1.0000,0,0,6,4,1.4286,2
100065,4,4,239.26,59.815000,196.69,0,0.0000,1.00000000,1.0000,0,0,4,2,1.5000,2
100066,7,7,1004.73,143.532857,418.02,0,0.0000,1.00000000,1.0000,0,0,3,2,1.0000,2
100067,7,7,1800.45,257.207143,1184.85,1,0.1429,1.00000000,1.0000,0,1,3,2,1.0000,4
100068,9,9,380.62,42.291111,227.35,0,0.0000,1.00000000,1.0000,0,0,7,3,1.1111,2
100069,9,9,703.59,78.176667,232.71,0,0.0000,1.00000000,1.0000,0,0,6,1,0.7778,1
100070,12,12,1431.20,119.266667,785.44,1,0.0833,1.00000000,1.0000,0,1,8,6,1.3333,3
100071,3,3,382.11,127.370000,210.37,0,0.0000,1.00000000,1.0000,0,0,2,1,1.0000,2
100072,9,9,1304.63,144.958889,635.62,0,0.0000,1.00000000,1.0000,0,1,6,3,1.2222,4
100073,7,7,353.38,50.482857,218.52,0,0.0000,1.00000000,1.0000,0,0,5,5,1.4286,2
100074,6,6,663.39,110.565000,355.20,0,0.0000,1.00000000,1.0000,0,0,3,4,1.3333,3
100075,4,4,366.64,91.660000,296.19,0,0.0000,1.00000000,1.0000,0,0,4,1,1.2500,2
100076,5,5,1130.41,226.082000,713.84,0,0.0000,1.00000000,1.0000,0,1,4,3,1.8000,3
100077,8,8,1351.26,168.907500,918.27,0,0.0000,1.00000000,1.0000,0,1,7,3,1.5000,4
100078,5,5,273.00,54.600000,186.39,0,0.0000,1.00000000,1.0000,0,0,4,3,1.4000,2
100079,7,7,882.59,126.084286,577.28,0,0.0000,1.00000000,1.0000,0,0,4,4,1.2857,2
100080,9,9,2955.75,328.416667,1584.04,1,0.1111,1.00000000,1.0000,0,2,5,5,1.5556,4
100081,5,5,698.54,139.708000,511.69,0,0.0000,1.00000000,1.0000,0,0,1,2,0.8000,3
100082,5,5,534.87,106.974000,280.65,0,0.0000,1.00000000,1.0000,0,0,3,3,1.2000,2
100083,11,11,745.34,67.758182,359.78,1,0.0909,1.00000000,1.0000,0,0,9,7,1.5455,3
100084,6,6,437.35,72.891667,358.02,0,0.0000,1.00000000,1.0000,0,0,4,3,1.3333,3
100085,6,6,2047.53,341.255000,926.19,1,0.1667,1.00000000,1.0000,0,2,6,2,2.0000,3
100086,9,9,1314.13,146.014444,799.89,0,0.0000,1.11111111,2.0000,0,1,5,4,1.2222,3
100087,5,5,179.97,35.994000,80.33,0,0.0000,1.00000000,1.0000,0,0,3,2,1.0000,2
100088,4,4,1252.14,313.035000,1128.01,0,0.0000,1.00000000,1.0000,0,1,1,4,1.7500,3
100089,4,4,224.33,56.082500,121.05,1,0.2500,1.00000000,1.0000,0,0,2,3,1.2500,2
100090,5,5,154.79,30.958000,79.66,0,0.0000,1.00000000,1.0000,0,0,3,2,1.0000,2
100091,7,7,294.92,42.131429,103.75,1,0.1429,1.00000000,1.0000,0,0,5,5,1.4286,2
100092,6,6,560.78,93.463333,258.11,0,0.0000,1.00000000,1.0000,0,0,3,4,1.1667,2
100093,6,6,287.71,47.951667,75.99,1,0.1667,1.00000000,1.0000,0,0,6,3,1.5000,2
100094,5,5,75.29,15.058000,39.17,0,0.0000,1.00000000,1.0000,0,0,5,2,1.4000,2
100095,5,5,1036.08,207.216000,489.28,0,0.0000,1.00000000,1.0000,0,0,3,3,1.4000,2
100096,11,11,1437.44,130.676364,523.15,0,0.0000,1.00000000,1.0000,0,0,5,4,1.0000,3
100097,7,6,300.24,42.891429,102.07,0,0.0000,1.14285714,2.0000,0,0,2,5,1.0000,2
100098,4,4,589.30,147.325000,267.12,0,0.0000,1.00000000,1.0000,0,0,3,3,1.5000,2
100099,9,9,369.67,41.074444,157.87,0,0.0000,1.00000000,1.0000,0,0,6,5,1.2222,2
100100,9,9,1911.23,212.358889,1140.11,0,0.0000,1.00000000,1.0000,0,1,4,4,1.1111,3
100101,10,10,639.03,63.903000,181.64,0,0.0000,1.10000000,2.0000,0,0,9,5,1.4000,2
100102,5,5,387.61,77.522000,323.83,0,0.0000,1.00000000,1.0000,0,0,3,3,1.2000,2
100103,4,4,145.13,36.282500,84.30,0,0.0000,1.00000000,1.0000,0,0,4,3,1.7500,2
100104,4,4,308.79,77.197500,126.99,1,0.2500,1.00000000,1.0000,0,0,2,2,1.0000,2
100105,13,13,1313.88,101.067692,419.99,0,0.0000,1.00000000,1.0000,0,0,8,4,1.0000,2
100106,7,7,572.74,81.820000,125.06,0,0.0000,1.00000000,1.0000,0,0,6,4,1.4286,2
100107,7,7,307.89,43.984286,111.32,0,0.0000,1.00000000,1.0000,0,0,6,3,1.2857,2
100108,8,8,432.31,54.038750,125.69,1,0.1250,1.00000000,1.0000,0,0,6,4,1.2500,2
100109,10,10,713.43,71.343000,194.48,0,0.0000,1.00000000,1.0000,0,0,8,3,1.1000,2
100110,5,5,225.27,45.054000,92.65,0,0.0000,1.00000000,1.0000,0,0,1,3,0.8000,2
100111,1,1,28.83,28.830000,28.83,0,0.0000,1.00000000,1.0000,0,0,1,0,1.0000,1
100112,15,15,1128.47,75.231333,314.81,0,0.0000,1.00000000,1.0000,0,0,12,9,1.4000,2
100113,9,9,1255.95,139.550000,888.05,0,0.0000,1.00000000,1.0000,0,1,7,3,1.3333,3
100114,5,5,335.19,67.038000,222.59,0,0.0000,1.00000000,1.0000,0,0,3,3,1.2000,2
100115,5,5,227.36,45.472000,84.71,0,0.0000,1.00000000,1.0000,0,0,4,4,1.6000,2
100116,4,4,415.87,103.967500,202.12,0,0.0000,1.00000000,1.0000,0,0,3,0,0.7500,1
100117,2,2,52.60,26.300000,39.85,0,0.0000,1.00000000,1.0000,0,0,1,1,1.0000,2
100118,5,5,590.06,118.012000,296.77,1,0.2000,1.00000000,1.0000,0,0,4,3,1.4000,2
100119,7,7,1012.74,144.677143,474.77,0,0.0000,1.00000000,1.0000,0,0,4,3,1.1429,3
100120,4,4,415.50,103.875000,270.59,0,0.0000,1.00000000,1.0000,0,0,3,4,1.7500,2
100121,6,6,213.34,35.556667,75.85,1,0.1667,1.00000000,1.0000,0,0,6,5,1.8333,2
100122,7,7,488.80,69.828571,166.32,0,0.0000,1.00000000,1.0000,0,0,6,4,1.4286,2
100123,12,12,498.03,41.502500,103.70,0,0.0000,1.00000000,1.0000,0,0,6,3,0.7500,2
100124,12,11,509.97,42.497500,158.42,0,0.0000,1.08333333,2.0000,0,0,7,5,1.0000,2
100125,3,3,81.14,27.046667,37.17,1,0.3333,1.00000000,1.0000,0,0,3,3,2.0000,2
100126,12,12,588.34,49.028333,220.64,1,0.0833,1.00000000,1.0000,0,0,9,3,1.0000,2
100127,8,8,378.05,47.256250,130.75,0,0.0000,1.00000000,1.0000,0,0,7,3,1.2500,2
100128,1,1,14.59,14.590000,14.59,0,0.0000,1.00000000,1.0000,0,0,1,1,2.0000,2
100129,1,1,52.89,52.890000,52.89,0,0.0000,1.00000000,1.0000,0,0,1,0,1.0000,1
100130,8,8,357.62,44.702500,80.41,0,0.0000,1.00000000,1.0000,0,0,7,5,1.5000,2
100131,7,7,1519.99,217.141429,971.09,0,0.0000,1.00000000,1.0000,0,1,6,5,1.8571,2
100132,6,6,112.51,18.751667,46.65,0,0.0000,1.00000000,1.0000,0,0,5,3,1.3333,2
100133,5,5,1010.79,202.158000,536.16,0,0.0000,1.00000000,1.0000,0,0,4,2,1.4000,3
100134,6,6,756.27,126.045000,381.07,0,0.0000,1.00000000,1.0000,0,0,4,5,1.6667,2
100135,4,4,1808.86,452.215000,1420.97,1,0.2500,1.00000000,1.0000,0,1,4,2,2.2500,4
100136,4,4,813.23,203.307500,728.58,0,0.0000,1.00000000,1.0000,0,1,3,2,1.7500,4
100137,6,6,398.96,66.493333,176.40,0,0.0000,1.00000000,1.0000,0,0,2,4,1.0000,2
100138,8,8,969.69,121.211250,428.74,0,0.0000,1.00000000,1.0000,0,0,5,4,1.2500,2
100139,9,9,465.06,51.673333,166.38,2,0.2222,1.00000000,1.0000,0,0,5,5,1.1111,2
100140,6,6,281.52,46.920000,94.62,0,0.0000,1.00000000,1.0000,0,0,3,3,1.0000,2
100141,6,6,447.02,74.503333,110.80,1,0.1667,1.00000000,1.0000,0,0,5,3,1.3333,2
100142,3,3,156.70,52.233333,66.88,0,0.0000,1.00000000,1.0000,0,0,1,2,1.0000,2
100143,2,2,42.10,21.050000,34.66,0,0.0000,1.00000000,1.0000,0,0,2,1,1.5000,2
100144,8,8,632.13,79.016250,281.90,0,0.0000,1.00000000,1.0000,0,0,8,4,1.5000,2
100145,3,3,227.99,75.996667,166.26,0,0.0000,1.00000000,1.0000,0,0,2,2,1.3333,2
100146,9,9,322.32,35.813333,93.53,0,0.0000,1.00000000,1.0000,0,0,8,6,1.5556,2
100147,9,9,464.86,51.651111,105.91,0,0.0000,1.00000000,1.0000,0,0,6,5,1.2222,2
100148,3,3,91.44,30.480000,55.63,0,0.0000,1.00000000,1.0000,0,0,2,0,0.6667,1
100149,9,9,452.84,50.315556,138.96,0,0.0000,1.00000000,1.0000,0,0,6,7,1.4444,2
100150,4,4,442.73,110.682500,210.36,0,0.0000,1.00000000,1.0000,0,0,2,3,1.2500,2
100151,5,5,516.47,103.294000,275.84,0,0.0000,1.00000000,1.0000,0,0,2,5,1.4000,2
100152,9,9,1076.40,119.600000,646.67,0,0.0000,1.00000000,1.0000,0,1,6,5,1.4444,2
100153,6,6,1552.97,258.828333,567.14,2,0.3333,1.00000000,1.0000,0,0,6,4,2.0000,3
100154,7,7,168.98,24.140000,84.98,0,0.0000,1.00000000,1.0000,0,0,6,2,1.1429,2
100155,8,8,1740.74,217.592500,1455.10,1,0.1250,1.00000000,1.0000,0,1,6,3,1.3750,3
100156,5,5,629.63,125.926000,331.76,0,0.0000,1.00000000,1.0000,0,0,2,1,0.8000,3
100157,5,5,375.31,75.062000,209.78,0,0.0000,1.00000000,1.0000,0,0,3,2,1.0000,2
100158,8,8,951.11,118.888750,402.67,0,0.0000,1.00000000,1.0000,0,0,7,5,1.6250,2
100159,2,2,219.79,109.895000,200.19,0,0.0000,1.00000000,1.0000,0,0,2,0,1.0000,1
100160,10,10,740.17,74.017000,282.93,0,0.0000,1.00000000,1.0000,0,0,6,4,1.0000,2
100161,12,12,1794.93,149.577500,801.29,0,0.0000,1.00000000,1.0000,0,1,9,6,1.4167,3
100162,5,5,241.10,48.220000,152.60,2,0.4000,1.20000000,2.0000,0,0,5,3,1.6000,2
100163,6,6,236.55,39.425000,66.67,1,0.1667,1.00000000,1.0000,0,0,6,3,1.5000,2
100164,10,10,354.90,35.490000,147.33,0,0.0000,1.00000000,1.0000,0,0,6,4,1.0000,2
100165,3,3,137.84,45.946667,89.61,0,0.0000,1.00000000,1.0000,0,0,1,0,0.3333,1
100166,4,4,311.18,77.795000,211.96,0,0.0000,1.00000000,1.0000,0,0,2,0,0.5000,1
100167,11,11,316.90,28.809091,80.10,0,0.0000,1.00000000,1.0000,0,0,7,5,1.0909,2
100168,4,4,149.58,37.395000,63.68,0,0.0000,1.00000000,1.0000,0,0,3,2,1.2500,2
100169,6,6,3248.09,541.348333,2666.23,1,0.1667,1.00000000,1.0000,0,1,6,4,2.1667,3
100170,9,9,519.89,57.765556,170.19,0,0.0000,1.00000000,1.0000,0,0,6,4,1.1111,2
100171,9,8,906.07,100.674444,230.59,0,0.0000,1.11111111,2.0000,0,0,4,4,0.8889,2
100172,3,3,328.64,109.546667,234.12,0,0.0000,1.00000000,1.0000,0,0,2,0,0.6667,1
100173,5,5,298.36,59.672000,169.34,0,0.0000,1.00000000,1.0000,0,0,3,3,1.2000,2
100174,7,7,886.61,126.658571,536.82,0,0.0000,1.00000000,1.0000,0,0,5,3,1.2857,3
100175,4,4,465.83,116.457500,218.84,0,0.0000,1.00000000,1.0000,0,0,3,1,1.0000,2
100176,7,7,370.08,52.868571,179.41,0,0.0000,1.00000000,1.0000,0,0,5,3,1.1429,2
100177,3,3,700.77,233.590000,588.62,0,0.0000,1.00000000,1.0000,0,0,2,2,1.6667,2
100178,6,6,648.12,108.020000,486.76,0,0.0000,1.00000000,1.0000,0,0,3,3,1.1667,2
100179,10,10,1274.73,127.473000,225.43,0,0.0000,1.00000000,1.0000,0,0,7,6,1.3000,2
100180,8,8,360.68,45.085000,197.45,0,0.0000,1.00000000,1.0000,0,0,6,2,1.0000,2
100181,6,6,1744.48,290.746667,618.82,0,0.0000,1.00000000,1.0000,0,1,4,1,1.3333,2
100182,4,4,806.16,201.540000,526.85,0,0.0000,1.00000000,1.0000,0,0,1,2,1.0000,1
100183,4,4,287.89,71.972500,118.03,0,0.0000,1.00000000,1.0000,0,0,4,2,1.5000,2
100184,7,7,950.59,135.798571,391.68,0,0.0000,1.00000000,1.0000,0,0,3,3,1.1429,3
100185,6,6,999.14,166.523333,496.95,0,0.0000,1.00000000,1.0000,0,0,4,3,1.3333,3
100186,10,10,961.54,96.154000,371.52,0,0.0000,1.10000000,2.0000,0,0,7,5,1.3000,2
100187,2,2,215.83,107.915000,208.02,0,0.0000,1.00000000,1.0000,0,0,2,2,2.0000,2
100188,9,9,474.54,52.726667,228.75,0,0.0000,1.00000000,1.0000,0,0,7,5,1.3333,2
100189,3,3,130.91,43.636667,52.95,0,0.0000,1.00000000,1.0000,0,0,3,0,1.0000,1
100190,4,4,1136.94,284.235000,906.25,0,0.0000,1.00000000,1.0000,0,1,3,2,1.7500,3
100191,5,5,225.33,45.066000,68.23,0,0.0000,1.00000000,1.0000,0,0,4,3,1.4000,2
100192,6,6,230.61,38.435000,130.50,0,0.0000,1.00000000,1.0000,0,0,2,3,0.8333,2
100193,3,3,298.62,99.540000,168.27,0,0.0000,1.00000000,1.0000,0,0,1,1,0.6667,2
100194,11,11,928.21,84.382727,221.28,1,0.0909,1.00000000,1.0000,0,0,9,6,1.3636,2
100195,4,4,257.26,64.315000,125.82,0,0.0000,1.00000000,1.0000,0,0,2,3,1.2500,2
100196,5,5,487.29,97.458000,159.58,1,0.2000,1.00000000,1.0000,0,0,5,3,1.6000,2
100197,8,8,137.10,17.137500,37.85,1,0.1250,1.00000000,1.0000,0,0,5,5,1.2500,2
100198,5,5,238.61,47.722000,158.94,0,0.0000,1.00000000,1.0000,0,0,2,2,0.8000,2
100199,3,3,288.66,96.220000,172.29,0,0.0000,1.00000000,1.0000,0,0,2,1,1.0000,1
100200,8,8,401.59,50.198750,89.55,0,0.0000,1.00000000,1.0000,0,0,5,3,1.0000,2
100201,7,7,590.17,84.310000,253.92,0,0.0000,1.00000000,1.0000,0,0,4,4,1.1429,2
100202,6,5,202.78,33.796667,83.69,0,0.0000,1.16666667,2.0000,0,0,5,2,1.1667,2
100203,10,10,1110.67,111.067000,656.55,0,0.0000,1.00000000,1.0000,0,1,4,5,1.1000,2
100204,6,6,370.58,61.763333,99.64,0,0.0000,1.00000000,1.0000,0,0,3,3,1.0000,2
100205,4,4,188.54,47.135000,82.90,0,0.0000,1.00000000,1.0000,0,0,3,1,1.0000,2
100206,7,7,310.67,44.381429,74.81,0,0.0000,1.00000000,1.0000,0,0,4,5,1.2857,2
100207,6,6,818.60,136.433333,452.78,1,0.1667,1.00000000,1.0000,0,0,3,3,1.1667,2
100208,13,13,934.08,71.852308,174.50,0,0.0000,1.00000000,1.0000,0,0,9,3,0.9231,2
100209,10,10,541.53,54.153000,193.25,1,0.1000,1.00000000,1.0000,0,0,9,2,1.1000,2
100210,8,8,756.53,94.566250,330.66,0,0.0000,1.00000000,1.0000,0,0,4,2,0.8750,2
100211,8,8,1042.32,130.290000,334.22,0,0.0000,1.00000000,1.0000,0,0,6,3,1.2500,3
100212,9,9,354.38,39.375556,99.98,0,0.0000,1.00000000,1.0000,0,0,4,6,1.1111,2
100213,6,6,285.23,47.538333,82.26,0,0.0000,1.00000000,1.0000,0,0,4,2,1.0000,2
100214,6,6,279.93,46.655000,84.85,0,0.0000,1.00000000,1.0000,0,0,4,3,1.1667,2
100215,9,9,610.36,67.817778,122.54,0,0.0000,1.00000000,1.0000,0,0,7,5,1.3333,2
100216,11,11,328.26,29.841818,85.50,0,0.0000,1.00000000,1.0000,0,0,7,6,1.1818,2
100217,8,8,1890.32,236.290000,1351.83,1,0.1250,1.00000000,1.0000,0,1,5,5,1.5000,4
100218,5,5,300.88,60.176000,196.62,0,0.0000,1.00000000,1.0000,0,0,2,0,0.4000,1
100219,4,4,1073.91,268.477500,891.84,0,0.0000,1.00000000,1.0000,0,1,3,1,1.5000,3
100220,6,6,440.08,73.346667,127.64,0,0.0000,1.00000000,1.0000,0,0,4,3,1.1667,2
100221,7,7,318.95,45.564286,131.44,0,0.0000,1.00000000,1.0000,0,0,4,3,1.0000,2
100222,2,2,58.15,29.075000,39.01,0,0.0000,1.00000000,1.0000,0,0,1,1,1.0000,1
100223,6,6,572.19,95.365000,246.34,0,0.0000,1.00000000,1.0000,0,0,5,2,1.1667,2
100224,7,7,356.23,50.890000,179.94,0,0.0000,1.00000000,1.0000,0,0,5,3,1.1429,2
100225,6,6,862.91,143.818333,636.71,0,0.0000,1.00000000,1.0000,0,1,4,5,1.8333,4
100226,4,4,378.25,94.562500,253.67,0,0.0000,1.00000000,1.0000,0,0,3,1,1.0000,2
100227,4,4,802.11,200.527500,564.02,0,0.0000,1.00000000,1.0000,0,0,3,3,1.7500,2
100228,14,13,2375.44,169.674286,687.74,0,0.0000,1.07142857,2.0000,0,1,8,8,1.4286,4
100229,9,9,883.72,98.191111,423.75,0,0.0000,1.00000000,1.0000,0,0,6,6,1.4444,3
100230,9,9,314.35,34.927778,67.35,0,0.0000,1.00000000,1.0000,0,0,2,4,0.6667,2
100231,7,7,598.61,85.515714,367.45,0,0.0000,1.14285714,2.0000,0,0,4,4,1.2857,3
100232,5,5,290.18,58.036000,108.86,0,0.0000,1.00000000,1.0000,0,0,4,2,1.2000,2
100233,8,8,474.12,59.265000,240.09,1,0.1250,1.00000000,1.0000,0,0,7,6,1.6250,2
100234,12,12,3261.94,271.828333,1816.55,0,0.0000,1.00000000,1.0000,0,2,10,4,1.5833,4
100235,11,11,959.24,87.203636,413.08,0,0.0000,1.09090909,2.0000,0,0,10,5,1.4545,2
100236,7,7,417.80,59.685714,167.38,0,0.0000,1.00000000,1.0000,0,0,4,2,0.8571,2
100237,8,8,382.68,47.835000,82.57,0,0.0000,1.00000000,1.0000,0,0,6,4,1.2500,2
100238,6,6,250.24,41.706667,114.11,1,0.1667,1.00000000,1.0000,0,0,3,2,0.8333,2
100239,9,9,681.26,75.695556,244.86,0,0.0000,1.00000000,1.0000,0,0,5,5,1.1111,2
100240,10,10,790.76,79.076000,280.79,0,0.0000,1.00000000,1.0000,0,0,7,6,1.3000,2
100241,6,6,895.56,149.260000,569.65,0,0.0000,1.00000000,1.0000,0,0,6,4,1.8333,3
100242,5,5,432.27,86.454000,152.97,0,0.0000,1.00000000,1.0000,0,0,4,3,1.4000,2
100243,4,4,168.94,42.235000,121.82,1,0.2500,1.00000000,1.0000,0,0,4,2,1.5000,2
100244,4,4,304.47,76.117500,110.16,0,0.0000,1.00000000,1.0000,0,0,2,3,1.2500,2
100245,14,14,1722.30,123.021429,593.42,1,0.0714,1.00000000,1.0000,0,0,10,5,1.2143,3
100246,6,6,455.96,75.993333,288.45,1,0.1667,1.00000000,1.0000,0,0,1,3,0.6667,2
100247,14,14,880.51,62.893571,206.63,0,0.0000,1.00000000,1.0000,0,0,7,6,0.9286,2
100248,8,8,693.32,86.665000,411.15,0,0.0000,1.00000000,1.0000,0,0,6,6,1.6250,3
100249,2,2,125.77,62.885000,81.81,0,0.0000,1.00000000,1.0000,0,0,2,1,1.5000,2
100250,8,8,859.90,107.487500,268.34,0,0.0000,1.00000000,1.0000,0,0,5,2,0.8750,2
100251,3,3,172.30,57.433333,80.46,0,0.0000,1.00000000,1.0000,0,0,2,3,1.6667,2
100252,2,2,340.23,170.115000,177.82,0,0.0000,1.00000000,1.0000,0,0,0,2,1.0000,1
100253,7,7,1035.74,147.962857,548.28,0,0.0000,1.00000000,1.0000,0,0,3,4,1.2857,2
100254,4,4,515.58,128.895000,376.62,0,0.0000,1.00000000,1.0000,0,0,2,2,1.2500,2
100255,8,8,396.61,49.576250,129.59,0,0.0000,1.00000000,1.0000,0,0,3,2,0.6250,2
100256,3,3,88.60,29.533333,59.81,0,0.0000,1.00000000,1.0000,0,0,2,1,1.0000,2
100257,8,8,910.23,113.778750,403.97,0,0.0000,1.12500000,2.0000,0,0,6,4,1.3750,2
100258,6,6,709.38,118.230000,278.42,0,0.0000,1.00000000,1.0000,0,0,2,2,0.6667,2
100259,10,10,726.47,72.647000,294.59,0,0.0000,1.00000000,1.0000,0,0,6,8,1.4000,2
100260,8,8,625.25,78.156250,211.29,0,0.0000,1.00000000,1.0000,0,0,4,4,1.0000,2
100261,8,8,773.04,96.630000,211.43,0,0.0000,1.00000000,1.0000,0,0,7,2,1.1250,2
100262,4,4,342.08,85.520000,165.27,0,0.0000,1.00000000,1.0000,0,0,3,1,1.0000,2
100263,4,4,585.05,146.262500,296.33,1,0.2500,1.00000000,1.0000,0,0,4,2,1.5000,2
100264,7,7,769.90,109.985714,234.98,0,0.0000,1.00000000,1.0000,0,0,4,0,0.5714,1
100265,5,5,293.94,58.788000,101.83,0,0.0000,1.00000000,1.0000,0,0,4,1,1.0000,2
100266,7,7,2256.47,322.352857,771.37,0,0.0000,1.00000000,1.0000,0,1,5,3,1.5714,3
100267,4,4,366.63,91.657500,150.87,0,0.0000,1.00000000,1.0000,0,0,3,3,1.5000,2
100268,5,5,155.34,31.068000,55.38,0,0.0000,1.00000000,1.0000,0,0,2,0,0.4000,1
100269,7,7,273.29,39.041429,125.36,0,0.0000,1.00000000,1.0000,0,0,5,2,1.0000,2
100270,9,9,1445.26,160.584444,831.63,0,0.0000,1.00000000,1.0000,0,1,2,5,1.0000,2
100271,5,5,2309.92,461.984000,2132.65,1,0.2000,1.00000000,1.0000,0,1,3,5,2.0000,3
100272,7,7,366.18,52.311429,176.13,0,0.0000,1.00000000,1.0000,0,0,5,5,1.4286,2
100273,5,5,449.56,89.912000,144.68,0,0.0000,1.00000000,1.0000,0,0,3,2,1.0000,2
100274,2,2,177.15,88.575000,158.38,0,0.0000,1.00000000,1.0000,0,0,1,0,0.5000,1
100275,1,1,366.84,366.840000,366.84,0,0.0000,1.00000000,1.0000,0,0,1,1,3.0000,3
100276,7,7,546.47,78.067143,266.99,0,0.0000,1.00000000,1.0000,0,0,6,2,1.1429,2
100277,10,10,692.45,69.245000,192.94,0,0.0000,1.00000000,1.0000,0,0,6,6,1.2000,2
100278,6,6,329.78,54.963333,108.95,0,0.0000,1.00000000,1.0000,0,0,6,2,1.3333,2
100279,7,7,746.97,106.710000,313.09,0,0.0000,1.00000000,1.0000,0,0,5,2,1.0000,2
100280,5,5,352.33,70.466000,221.81,0,0.0000,1.00000000,1.0000,0,0,2,3,1.0000,2
100281,9,9,1889.50,209.944444,853.65,1,0.1111,1.00000000,1.0000,0,1,5,4,1.4444,3
100282,9,9,499.26,55.473333,215.62,1,0.1111,1.00000000,1.0000,0,0,5,2,0.7778,2
100283,6,6,462.38,77.063333,239.46,0,0.0000,1.00000000,1.0000,0,0,5,4,1.5000,2
100284,6,6,569.80,94.966667,310.50,0,0.0000,1.00000000,1.0000,0,0,3,3,1.0000,2
100285,12,12,914.53,76.210833,276.96,0,0.0000,1.00000000,1.0000,0,0,8,6,1.1667,2
100286,4,4,473.72,118.430000,358.06,0,0.0000,1.00000000,1.0000,0,0,4,3,2.0000,3
100287,5,5,275.43,55.086000,86.52,0,0.0000,1.00000000,1.0000,0,0,2,2,0.8000,2
100288,8,8,1004.22,125.527500,448.34,1,0.1250,1.12500000,2.0000,0,0,7,5,1.6250,2
100289,6,6,331.80,55.300000,75.86,0,0.0000,1.00000000,1.0000,0,0,5,2,1.1667,2
100290,6,6,336.73,56.121667,120.73,0,0.0000,1.00000000,1.0000,0,0,2,3,0.8333,2
100291,8,8,603.55,75.443750,319.81,0,0.0000,1.00000000,1.0000,0,0,6,6,1.5000,2
100292,7,7,941.46,134.494286,252.58,0,0.0000,1.00000000,1.0000,0,0,4,4,1.1429,2
100293,5,5,270.56,54.112000,102.79,0,0.0000,1.00000000,1.0000,0,0,5,1,1.2000,2
100294,6,6,386.30,64.383333,134.82,0,0.0000,1.00000000,1.0000,0,0,5,2,1.1667,2
100295,9,9,923.06,102.562222,174.12,0,0.0000,1.00000000,1.0000,0,0,5,5,1.1111,2
100296,6,6,713.86,118.976667,281.76,0,0.0000,1.00000000,1.0000,0,0,5,3,1.3333,2
100297,9,9,344.37,38.263333,76.81,1,0.1111,1.00000000,1.0000,0,0,5,2,0.7778,2
100298,6,6,322.46,53.743333,135.25,0,0.0000,1.00000000,1.0000,0,0,4,3,1.1667,2
100299,6,6,857.17,142.861667,447.39,0,0.0000,1.00000000,1.0000,0,0,2,2,0.8333,1
100300,4,4,253.09,63.272500,79.96,0,0.0000,1.00000000,1.0000,0,0,3,3,1.5000,2
100301,4,4,538.20,134.550000,339.80,0,0.0000,1.00000000,1.0000,0,0,2,0,0.7500,2
100302,8,8,397.08,49.635000,82.92,0,0.0000,1.00000000,1.0000,0,0,3,4,0.8750,2
100303,5,5,271.21,54.242000,123.08,0,0.0000,1.00000000,1.0000,0,0,4,3,1.4000,2
100304,7,7,330.15,47.164286,111.27,0,0.0000,1.00000000,1.0000,0,0,6,2,1.1429,2
100305,4,4,210.84,52.710000,96.74,0,0.0000,1.00000000,1.0000,0,0,3,2,1.2500,2
100306,8,8,817.51,102.188750,483.37,0,0.0000,1.00000000,1.0000,0,0,7,4,1.5000,2
100307,6,6,206.73,34.455000,85.51,0,0.0000,1.00000000,1.0000,0,0,4,2,1.0000,2
100308,3,3,330.50,110.166667,322.89,0,0.0000,1.00000000,1.0000,0,0,2,1,1.0000,2
100309,3,3,236.33,78.776667,109.46,0,0.0000,1.00000000,1.0000,0,0,2,2,1.3333,2
100310,6,6,1445.82,240.970000,776.41,0,0.0000,1.00000000,1.0000,0,1,4,4,1.8333,4
100311,7,7,544.06,77.722857,213.68,2,0.2857,1.00000000,1.0000,0,0,6,3,1.2857,2
100312,5,5,208.85,41.770000,95.72,1,0.2000,1.00000000,1.0000,0,0,2,2,0.8000,2
100313,5,5,586.21,117.242000,474.65,0,0.0000,1.00000000,1.0000,0,0,4,2,1.4000,2
100314,4,4,484.73,121.182500,147.25,0,0.0000,1.00000000,1.0000,0,0,3,3,1.5000,2
100315,6,6,611.94,101.990000,284.92,0,0.0000,1.00000000,1.0000,0,0,4,3,1.1667,2
100316,5,5,453.83,90.766000,165.44,0,0.0000,1.00000000,1.0000,0,0,3,3,1.2000,2
100317,9,9,690.14,76.682222,450.19,0,0.0000,1.00000000,1.0000,0,0,5,5,1.2222,2
100318,7,7,758.08,108.297143,579.80,0,0.0000,1.00000000,1.0000,0,0,3,3,1.0000,3
100319,8,8,445.58,55.697500,146.73,0,0.0000,1.00000000,1.0000,0,0,6,5,1.3750,2
100320,5,5,860.53,172.106000,662.81,1,0.2000,1.00000000,1.0000,0,1,4,4,2.0000,3
100321,3,3,692.03,230.676667,647.49,0,0.0000,1.00000000,1.0000,0,1,2,1,1.6667,2
100322,8,8,680.82,85.102500,258.55,0,0.0000,1.00000000,1.0000,0,0,7,1,1.0000,2
100323,4,4,266.46,66.615000,178.41,0,0.0000,1.00000000,1.0000,0,0,1,3,1.0000,1
100325,4,4,220.42,55.105000,113.26,0,0.0000,1.00000000,1.0000,0,0,3,3,1.5000,2
100326,7,7,514.25,73.464286,204.46,0,0.0000,1.00000000,1.0000,0,0,4,4,1.1429,2
100327,4,4,445.31,111.327500,341.48,0,0.0000,1.00000000,1.0000,0,0,3,2,1.5000,2
100328,8,8,350.53,43.816250,133.29,0,0.0000,1.00000000,1.0000,0,0,5,4,1.1250,2
100329,7,7,891.34,127.334286,506.74,0,0.0000,1.00000000,1.0000,0,0,4,2,1.0000,2
100330,11,11,562.52,51.138182,130.03,1,0.0909,1.00000000,1.0000,0,0,9,6,1.3636,2
100331,9,9,373.86,41.540000,97.82,0,0.0000,1.00000000,1.0000,0,0,6,6,1.3333,2
100332,8,8,450.98,56.372500,224.69,0,0.0000,1.00000000,1.0000,0,0,5,4,1.1250,2
100333,3,3,105.38,35.126667,82.11,0,0.0000,1.00000000,1.0000,0,0,2,1,1.0000,2
100334,6,6,213.76,35.626667,71.21,0,0.0000,1.00000000,1.0000,0,0,3,3,1.0000,2
100335,9,9,1056.31,117.367778,404.40,0,0.0000,1.00000000,1.0000,0,0,3,7,1.2222,2
100336,4,4,126.26,31.565000,48.02,1,0.2500,1.00000000,1.0000,0,0,3,3,1.5000,2
100337,2,2,60.74,30.370000,45.75,1,0.5000,1.00000000,1.0000,0,0,2,1,1.5000,2
100338,11,11,683.55,62.140909,144.03,1,0.0909,1.09090909,2.0000,0,0,8,7,1.3636,2
100339,7,7,267.99,38.284286,147.06,0,0.0000,1.00000000,1.0000,0,0,4,2,0.8571,2
100340,12,12,571.60,47.633333,145.20,0,0.0000,1.00000000,1.0000,0,0,9,5,1.1667,2
100341,13,13,763.41,58.723846,164.20,0,0.0000,1.00000000,1.0000,0,0,5,3,0.6154,2
100342,5,5,239.33,47.866000,83.83,1,0.2000,1.00000000,1.0000,0,0,2,4,1.2000,2
100343,4,4,338.77,84.692500,302.68,0,0.0000,1.00000000,1.0000,0,0,2,1,0.7500,1
100344,7,7,907.43,129.632857,322.06,0,0.0000,1.00000000,1.0000,0,0,6,5,1.5714,2
100345,6,6,421.11,70.185000,220.04,0,0.0000,1.00000000,1.0000,0,0,5,3,1.3333,2
100346,9,9,652.86,72.540000,160.56,0,0.0000,1.00000000,1.0000,0,0,4,5,1.0000,2
100347,9,9,578.22,64.246667,209.06,0,0.0000,1.00000000,1.0000,0,0,6,6,1.3333,2
100348,7,7,393.56,56.222857,227.66,0,0.0000,1.00000000,1.0000,0,0,4,2,0.8571,2
100349,7,7,703.26,100.465714,558.17,0,0.0000,1.00000000,1.0000,0,0,5,4,1.4286,3
100350,5,5,366.91,73.382000,195.67,0,0.0000,1.00000000,1.0000,0,0,3,2,1.0000,2
100351,6,6,212.54,35.423333,92.24,0,0.0000,1.00000000,1.0000,0,0,4,3,1.1667,2
100352,5,5,129.23,25.846000,47.82,0,0.0000,1.00000000,1.0000,0,0,4,2,1.2000,2
100353,13,13,707.11,54.393077,137.21,0,0.0000,1.00000000,1.0000,0,0,9,6,1.1538,2
100354,5,5,620.18,124.036000,495.59,0,0.0000,1.00000000,1.0000,0,0,3,3,1.4000,2
100355,5,5,326.80,65.360000,93.38,0,0.0000,1.00000000,1.0000,0,0,3,3,1.2000,2
100356,7,7,349.71,49.958571,137.96,0,0.0000,1.00000000,1.0000,0,0,4,4,1.1429,2
100357,9,9,656.08,72.897778,341.46,1,0.1111,1.00000000,1.0000,0,0,6,4,1.2222,2
100358,10,9,927.01,92.701000,433.61,1,0.1000,1.10000000,2.0000,0,0,3,3,0.7000,2
100359,4,4,200.70,50.175000,132.96,0,0.0000,1.00000000,1.0000,0,0,3,3,1.5000,2
100360,8,8,862.79,107.848750,403.12,2,0.2500,1.00000000,1.0000,0,0,4,5,1.2500,2
100361,8,8,899.72,112.465000,299.25,0,0.0000,1.00000000,1.0000,0,0,5,3,1.0000,2
100362,7,7,259.72,37.102857,86.06,0,0.0000,1.00000000,1.0000,0,0,4,4,1.1429,2
100363,4,4,225.39,56.347500,112.41,0,0.0000,1.00000000,1.0000,0,0,2,2,1.0000,2
100364,2,2,250.59,125.295000,141.47,0,0.0000,1.00000000,1.0000,0,0,2,1,1.5000,2
100365,10,9,615.16,61.516000,172.80,0,0.0000,1.10000000,2.0000,0,0,8,6,1.4000,2
100366,6,6,320.84,53.473333,168.65,0,0.0000,1.00000000,1.0000,0,0,2,2,0.6667,2
100367,5,5,823.69,164.738000,592.24,0,0.0000,1.00000000,1.0000,0,0,4,4,1.8000,3
100368,7,7,683.80,97.685714,279.70,0,0.0000,1.00000000,1.0000,0,0,6,2,1.1429,2
100369,14,14,3623.69,258.835000,2137.31,1,0.0714,1.00000000,1.0000,0,1,12,5,1.3571,3
100370,2,2,175.99,87.995000,135.33,0,0.0000,1.00000000,1.0000,0,0,2,1,1.5000,2
100371,6,6,477.74,79.623333,224.61,0,0.0000,1.00000000,1.0000,0,0,4,3,1.1667,2
100372,7,7,628.79,89.827143,321.52,0,0.0000,1.00000000,1.0000,0,0,3,4,1.0000,2
100373,7,7,532.44,76.062857,266.99,1,0.1429,1.00000000,1.0000,0,0,5,5,1.4286,2
100374,3,3,859.90,286.633333,757.80,0,0.0000,1.00000000,1.0000,0,1,3,1,2.0000,4
100375,7,7,266.23,38.032857,151.40,0,0.0000,1.00000000,1.0000,0,0,3,2,0.7143,2
100376,12,12,2109.65,175.804167,591.45,1,0.0833,1.00000000,1.0000,0,0,6,7,1.2500,3
100377,10,9,665.83,66.583000,228.57,0,0.0000,1.20000000,2.0000,0,0,7,4,1.1000,2
100378,3,3,174.10,58.033333,81.06,1,0.3333,1.00000000,1.0000,0,0,3,1,1.3333,2
100379,2,2,35.06,17.530000,31.18,0,0.0000,1.00000000,1.0000,0,0,2,1,1.5000,2
100380,5,5,577.96,115.592000,416.94,0,0.0000,1.00000000,1.0000,0,0,2,1,0.8000,1
100381,4,4,259.34,64.835000,91.17,0,0.0000,1.00000000,1.0000,0,0,4,2,1.5000,2
100382,8,8,670.91,83.863750,241.27,0,0.0000,1.00000000,1.0000,0,0,4,5,1.1250,2
100383,1,1,39.08,39.080000,39.08,0,0.0000,1.00000000,1.0000,0,0,0,1,1.0000,1
100384,4,4,79.42,19.855000,36.25,1,0.2500,1.00000000,1.0000,0,0,4,2,1.5000,2
100385,6,6,293.76,48.960000,149.50,0,0.0000,1.00000000,1.0000,0,0,4,1,0.8333,1
100386,8,8,799.18,99.897500,256.16,0,0.0000,1.00000000,1.0000,0,0,4,4,1.0000,2
100387,9,8,1408.25,156.472222,504.84,0,0.0000,1.11111111,2.0000,0,0,6,4,1.2222,3
100388,12,12,796.23,66.352500,263.25,0,0.0000,1.00000000,1.0000,0,0,6,8,1.1667,2
100389,6,6,268.39,44.731667,85.64,0,0.0000,1.00000000,1.0000,0,0,4,4,1.3333,2
100390,8,8,344.55,43.068750,162.46,0,0.0000,1.00000000,1.0000,0,0,5,3,1.0000,2
100391,8,8,892.23,111.528750,408.03,0,0.0000,1.00000000,1.0000,0,0,6,2,1.1250,2
100392,7,7,952.92,136.131429,470.91,0,0.0000,1.00000000,1.0000,0,0,5,6,1.7143,2
100393,7,7,533.87,76.267143,327.69,0,0.0000,1.00000000,1.0000,0,0,5,7,1.8571,3
100394,12,12,372.40,31.033333,112.69,1,0.0833,1.00000000,1.0000,0,0,8,5,1.0833,2
100395,6,6,555.00,92.500000,187.38,0,0.0000,1.00000000,1.0000,0,0,4,2,1.0000,2
100396,6,6,876.14,146.023333,425.88,0,0.0000,1.16666667,2.0000,0,0,5,2,1.3333,3
100397,6,6,568.60,94.766667,230.64,0,0.0000,1.00000000,1.0000,0,0,5,2,1.1667,2
100398,5,5,318.42,63.684000,202.62,0,0.0000,1.00000000,1.0000,0,0,4,3,1.4000,2
100399,9,9,536.83,59.647778,202.36,0,0.0000,1.00000000,1.0000,0,0,5,6,1.2222,2
100400,2,2,231.09,115.545000,118.95,0,0.0000,1.00000000,1.0000,0,0,2,2,2.0000,2
100401,6,6,299.78,49.963333,93.52,0,0.0000,1.00000000,1.0000,0,0,3,4,1.1667,2
100402,4,4,263.52,65.880000,172.28,1,0.2500,1.00000000,1.0000,0,0,3,2,1.2500,2
100403,9,9,489.58,54.397778,157.08,0,0.0000,1.00000000,1.0000,0,0,8,2,1.1111,2
100404,5,5,252.96,50.592000,87.20,0,0.0000,1.00000000,1.0000,0,0,3,1,0.8000,1
100405,6,6,541.60,90.266667,213.61,0,0.0000,1.00000000,1.0000,0,0,5,5,1.6667,2
100406,8,8,2978.47,372.308750,2074.86,1,0.1250,1.00000000,1.0000,0,1,4,4,1.3750,2
100407,7,7,638.61,91.230000,335.45,1,0.1429,1.00000000,1.0000,0,0,5,5,1.5714,3
100408,5,5,194.97,38.994000,100.81,0,0.0000,1.00000000,1.0000,0,0,4,1,1.0000,2
100409,5,5,1445.83,289.166000,993.57,0,0.0000,1.00000000,1.0000,0,1,4,2,1.6000,3
100410,8,8,574.39,71.798750,276.42,0,0.0000,1.00000000,1.0000,0,0,3,2,0.6250,2
100411,11,10,1332.46,121.132727,534.55,0,0.0000,1.09090909,2.0000,0,0,8,7,1.4545,3
100412,6,6,471.83,78.638333,253.05,0,0.0000,1.00000000,1.0000,0,0,3,4,1.1667,2
100413,10,10,520.40,52.040000,164.77,0,0.0000,1.00000000,1.0000,0,0,6,6,1.2000,2
100414,7,7,403.90,57.700000,160.56,0,0.0000,1.00000000,1.0000,0,0,4,4,1.1429,2
100415,11,11,693.46,63.041818,208.06,1,0.0909,1.00000000,1.0000,0,0,8,8,1.4545,2
100416,8,8,530.53,66.316250,219.48,1,0.1250,1.00000000,1.0000,0,0,5,3,1.0000,2
100417,5,5,180.94,36.188000,51.40,0,0.0000,1.00000000,1.0000,0,0,3,2,1.0000,2
100418,6,6,359.46,59.910000,134.62,0,0.0000,1.00000000,1.0000,0,0,4,4,1.3333,2
100419,6,6,129.89,21.648333,39.61,1,0.1667,1.00000000,1.0000,0,0,6,4,1.6667,2
100420,7,7,777.82,111.117143,442.30,0,0.0000,1.00000000,1.0000,0,0,5,2,1.1429,2
100421,6,6,787.07,131.178333,225.19,0,0.0000,1.00000000,1.0000,0,0,4,3,1.1667,2
100422,6,6,405.22,67.536667,197.43,1,0.1667,1.00000000,1.0000,0,0,5,4,1.5000,2
100423,4,4,401.26,100.315000,145.51,1,0.2500,1.00000000,1.0000,0,0,3,1,1.0000,2
100424,4,4,698.87,174.717500,393.20,0,0.0000,1.00000000,1.0000,0,0,2,1,1.0000,2
100425,6,6,232.85,38.808333,125.37,0,0.0000,1.00000000,1.0000,0,0,4,3,1.1667,2
100426,8,8,224.44,28.055000,82.21,0,0.0000,1.00000000,1.0000,0,0,5,2,0.8750,2
100427,4,4,415.16,103.790000,157.66,0,0.0000,1.00000000,1.0000,0,0,3,0,0.7500,1
100428,3,3,105.99,35.330000,45.42,0,0.0000,1.00000000,1.0000,0,0,1,1,0.6667,1
100429,8,8,482.65,60.331250,241.39,0,0.0000,1.00000000,1.0000,0,0,6,3,1.1250,2
100430,5,5,1507.47,301.494000,969.49,0,0.0000,1.00000000,1.0000,0,1,3,4,2.0000,3
100431,4,4,272.38,68.095000,171.29,0,0.0000,1.00000000,1.0000,0,0,2,3,1.2500,2
100432,5,5,238.13,47.626000,97.78,0,0.0000,1.00000000,1.0000,0,0,2,2,0.8000,1
100433,9,9,1150.18,127.797778,525.49,0,0.0000,1.00000000,1.0000,0,0,6,3,1.1111,2
100434,4,4,159.41,39.852500,84.32,0,0.0000,1.00000000,1.0000,0,0,1,2,0.7500,2
100435,9,9,765.69,85.076667,122.32,1,0.1111,1.00000000,1.0000,0,0,9,7,1.7778,2
100436,7,7,333.14,47.591429,177.30,0,0.0000,1.00000000,1.0000,0,0,7,3,1.4286,2
100437,3,3,118.09,39.363333,76.21,0,0.0000,1.00000000,1.0000,0,0,2,0,0.6667,1
100438,6,6,623.78,103.963333,209.92,1,0.1667,1.00000000,1.0000,0,0,6,4,1.6667,2
100439,6,6,369.17,61.528333,133.96,0,0.0000,1.00000000,1.0000,0,0,5,3,1.3333,2
100440,7,7,352.74,50.391429,127.80,0,0.0000,1.00000000,1.0000,0,0,6,4,1.4286,2
100441,10,10,1395.29,139.529000,279.11,0,0.0000,1.00000000,1.0000,0,0,6,1,0.7000,2
100442,4,4,786.54,196.635000,548.24,0,0.0000,1.00000000,1.0000,0,0,3,2,1.5000,2
100443,7,7,710.88,101.554286,147.96,0,0.0000,1.00000000,1.0000,0,0,5,3,1.1429,2
100444,7,7,508.04,72.577143,242.34,1,0.1429,1.00000000,1.0000,0,0,6,4,1.4286,2
100445,3,3,85.10,28.366667,68.08,0,0.0000,1.00000000,1.0000,0,0,2,1,1.0000,2
100446,2,2,331.98,165.990000,312.26,0,0.0000,1.00000000,1.0000,0,0,2,0,1.0000,1
100447,10,10,235.51,23.551000,53.26,1,0.1000,1.00000000,1.0000,0,0,8,8,1.6000,2
100448,5,5,983.50,196.700000,428.32,0,0.0000,1.00000000,1.0000,0,0,2,4,1.6000,2
100449,8,8,457.44,57.180000,171.90,1,0.1250,1.00000000,1.0000,0,0,7,6,1.6250,2
100450,12,12,675.44,56.286667,154.85,1,0.0833,1.00000000,1.0000,0,0,10,7,1.4167,2
100451,3,3,183.26,61.086667,120.39,0,0.0000,1.00000000,1.0000,0,0,2,1,1.0000,2
100452,4,4,257.82,64.455000,119.76,0,0.0000,1.00000000,1.0000,0,0,3,3,1.5000,2
100453,7,7,240.50,34.357143,128.94,0,0.0000,1.00000000,1.0000,0,0,2,2,0.5714,2
100454,5,5,431.38,86.276000,209.07,0,0.0000,1.00000000,1.0000,0,0,2,2,0.8000,2
100455,2,2,55.19,27.595000,31.81,0,0.0000,1.00000000,1.0000,0,0,1,1,1.0000,1
100456,10,10,845.06,84.506000,181.21,0,0.0000,1.00000000,1.0000,0,0,5,3,0.8000,2
100457,6,6,1160.82,193.470000,495.76,0,0.0000,1.00000000,1.0000,0,0,5,4,1.8333,3
100458,3,3,158.61,52.870000,98.37,1,0.3333,1.00000000,1.0000,0,0,3,2,1.6667,2
100459,10,10,641.89,64.189000,201.77,0,0.0000,1.00000000,1.0000,0,0,6,6,1.2000,2
100460,6,6,424.97,70.828333,163.52,0,0.0000,1.00000000,1.0000,0,0,5,2,1.1667,2
100461,5,5,187.85,37.570000,73.61,0,0.0000,1.00000000,1.0000,0,0,4,4,1.6000,2
100462,11,11,1118.44,101.676364,319.60,0,0.0000,1.09090909,2.0000,0,0,6,6,1.0909,2
100463,5,5,584.22,116.844000,399.39,0,0.0000,1.00000000,1.0000,0,0,4,1,1.2000,2
100464,8,8,945.43,118.178750,308.33,0,0.0000,1.00000000,1.0000,0,0,6,6,1.5000,2
100465,4,4,129.38,32.345000,57.86,0,0.0000,1.00000000,1.0000,0,0,4,2,1.5000,2
100466,8,8,536.51,67.063750,136.36,0,0.0000,1.00000000,1.0000,0,0,6,3,1.1250,2
100467,3,3,418.13,139.376667,378.87,0,0.0000,1.00000000,1.0000,0,0,1,2,1.3333,3
100468,6,6,334.29,55.715000,157.77,0,0.0000,1.00000000,1.0000,0,0,4,2,1.0000,1
100469,6,6,1093.27,182.211667,475.98,0,0.0000,1.00000000,1.0000,0,0,3,3,1.1667,2
100470,5,5,483.32,96.664000,231.98,0,0.0000,1.20000000,2.0000,0,0,4,3,1.4000,2
100471,6,6,157.29,26.215000,46.17,0,0.0000,1.00000000,1.0000,0,0,4,1,0.8333,2
100472,5,5,686.73,137.346000,300.18,0,0.0000,1.00000000,1.0000,0,0,3,4,1.4000,2
100473,9,9,1111.24,123.471111,239.97,0,0.0000,1.00000000,1.0000,0,0,6,5,1.2222,2
100474,4,4,325.76,81.440000,242.44,0,0.0000,1.00000000,1.0000,0,0,4,0,1.0000,1
100475,2,2,30.25,15.125000,16.51,0,0.0000,1.00000000,1.0000,0,0,2,1,1.5000,2
100476,7,7,276.23,39.461429,165.60,0,0.0000,1.00000000,1.0000,0,0,3,7,1.4286,2
100477,2,2,71.82,35.910000,41.03,0,0.0000,1.00000000,1.0000,0,0,1,0,0.5000,1
100478,5,5,351.00,70.200000,202.24,0,0.0000,1.00000000,1.0000,0,0,5,4,1.8000,2
100479,4,4,140.11,35.027500,54.80,0,0.0000,1.00000000,1.0000,0,0,2,2,1.0000,1
100480,6,6,158.83,26.471667,42.90,0,0.0000,1.00000000,1.0000,0,0,3,4,1.1667,2
100481,2,2,60.23,30.115000,48.34,0,0.0000,1.00000000,1.0000,0,0,1,2,1.5000,2
100482,3,3,150.41,50.136667,102.98,0,0.0000,1.00000000,1.0000,0,0,3,2,1.6667,2
100483,7,7,1503.24,214.748571,995.14,1,0.1429,1.00000000,1.0000,0,1,5,5,1.8571,4
100484,6,6,733.34,122.223333,280.05,0,0.0000,1.00000000,1.0000,0,0,3,2,0.8333,1
100485,2,2,36.27,18.135000,25.38,0,0.0000,1.00000000,1.0000,0,0,2,0,1.0000,1
100486,6,6,234.57,39.095000,90.55,0,0.0000,1.00000000,1.0000,0,0,4,2,1.0000,1
100487,5,5,524.99,104.998000,258.13,0,0.0000,1.20000000,2.0000,0,0,4,4,1.6000,2
100488,4,4,991.29,247.822500,448.24,0,0.0000,1.00000000,1.0000,0,0,3,0,1.0000,2
100489,7,7,638.08,91.154286,270.43,0,0.0000,1.00000000,1.0000,0,0,4,2,0.8571,1
100490,12,12,675.66,56.305000,117.80,0,0.0000,1.00000000,1.0000,0,0,8,8,1.3333,2
100491,7,7,4859.36,694.194286,4516.12,1,0.1429,1.00000000,1.0000,0,1,6,5,1.8571,3
100492,3,3,202.24,67.413333,142.76,0,0.0000,1.00000000,1.0000,0,0,1,1,0.6667,1
100493,8,8,749.23,93.653750,327.99,0,0.0000,1.00000000,1.0000,0,0,6,5,1.5000,3
100494,4,4,269.17,67.292500,204.25,0,0.0000,1.00000000,1.0000,0,0,4,2,1.5000,2
100495,6,6,1961.80,326.966667,1250.67,1,0.1667,1.00000000,1.0000,0,1,2,4,1.5000,3
100496,8,8,419.80,52.475000,107.50,1,0.1250,1.00000000,1.0000,0,0,5,4,1.1250,2
100497,13,13,763.27,58.713077,174.80,0,0.0000,1.00000000,1.0000,0,0,8,6,1.0769,2
100498,9,9,858.10,95.344444,288.52,0,0.0000,1.00000000,1.0000,0,0,7,5,1.3333,2
100499,7,7,483.07,69.010000,124.90,0,0.0000,1.00000000,1.0000,0,0,4,3,1.0000,2
100500,5,5,482.79,96.558000,213.20,0,0.0000,1.00000000,1.0000,0,0,4,2,1.2000,2
100501,8,8,2117.95,264.743750,893.02,0,0.0000,1.00000000,1.0000,0,2,5,5,1.7500,4
100502,5,5,317.77,63.554000,134.91,0,0.0000,1.20000000,2.0000,0,0,4,2,1.2000,2
100503,5,5,180.28,36.056000,93.86,0,0.0000,1.00000000,1.0000,0,0,4,4,1.6000,2
100504,5,5,398.57,79.714000,269.40,1,0.2000,1.00000000,1.0000,0,0,5,3,1.6000,2
100505,8,7,328.32,41.040000,147.06,0,0.0000,1.12500000,2.0000,0,0,5,3,1.0000,2
100506,3,3,545.55,181.850000,509.48,1,0.3333,1.00000000,1.0000,0,0,2,1,1.3333,3
100507,7,7,373.29,53.327143,124.84,0,0.0000,1.00000000,1.0000,0,0,3,3,0.8571,2
100508,6,6,860.88,143.480000,346.77,0,0.0000,1.00000000,1.0000,0,0,4,2,1.1667,3
100509,4,4,380.25,95.062500,116.03,0,0.0000,1.00000000,1.0000,0,0,3,2,1.2500,2
100510,7,6,338.79,48.398571,144.37,0,0.0000,1.14285714,2.0000,0,0,4,1,0.7143,1
100511,6,6,509.46,84.910000,187.96,0,0.0000,1.00000000,1.0000,0,0,2,3,0.8333,2
100512,4,4,170.74,42.685000,107.67,0,0.0000,1.00000000,1.0000,0,0,3,1,1.0000,2
100513,2,2,67.92,33.960000,56.74,1,0.5000,1.00000000,1.0000,0,0,2,2,2.0000,2
100514,8,8,1559.15,194.893750,1325.23,1,0.1250,1.00000000,1.0000,0,1,3,2,0.8750,4
100515,10,10,462.34,46.234000,102.08,0,0.0000,1.00000000,1.0000,0,0,8,2,1.0000,2
100516,7,7,528.28,75.468571,185.03,0,0.0000,1.00000000,1.0000,0,0,6,2,1.1429,2
100517,4,4,151.32,37.830000,73.78,0,0.0000,1.00000000,1.0000,0,0,1,3,1.0000,2
100518,4,4,147.28,36.820000,86.07,0,0.0000,1.00000000,1.0000,0,0,2,3,1.2500,2
100519,6,6,1101.67,183.611667,888.92,0,0.0000,1.00000000,1.0000,0,1,4,2,1.3333,3
100520,5,5,385.46,77.092000,117.33,0,0.0000,1.00000000,1.0000,0,0,3,2,1.0000,2
100521,7,7,139.54,19.934286,52.64,0,0.0000,1.00000000,1.0000,0,0,5,2,1.0000,2
100522,11,11,815.67,74.151818,219.47,1,0.0909,1.00000000,1.0000,0,0,8,5,1.1818,2
100523,10,10,588.36,58.836000,270.29,1,0.1000,1.00000000,1.0000,0,0,8,4,1.2000,2
100524,8,8,503.17,62.896250,220.57,0,0.0000,1.00000000,1.0000,0,0,6,6,1.5000,2
100525,9,9,542.77,60.307778,124.88,0,0.0000,1.00000000,1.0000,0,0,5,4,1.0000,2
100526,7,7,520.85,74.407143,145.44,0,0.0000,1.00000000,1.0000,0,0,6,1,1.0000,1
100527,4,4,226.43,56.607500,84.03,0,0.0000,1.00000000,1.0000,0,0,1,1,0.5000,1
100528,8,8,1100.21,137.526250,671.86,0,0.0000,1.12500000,2.0000,0,1,5,4,1.3750,4
100529,5,5,179.92,35.984000,68.81,1,0.2000,1.00000000,1.0000,0,0,4,3,1.4000,2
100530,7,7,354.95,50.707143,184.65,2,0.2857,1.00000000,1.0000,0,0,5,4,1.2857,2
100531,8,8,351.51,43.938750,126.20,0,0.0000,1.00000000,1.0000,0,0,5,5,1.2500,2
100532,11,11,572.57,52.051818,247.34,1,0.0909,1.00000000,1.0000,0,0,7,5,1.0909,2
100533,5,5,320.70,64.140000,91.88,0,0.0000,1.00000000,1.0000,0,0,4,0,0.8000,1
100534,12,12,688.29,57.357500,236.32,0,0.0000,1.00000000,1.0000,0,0,10,5,1.2500,2
100535,8,8,1102.92,137.865000,818.61,0,0.0000,1.00000000,1.0000,0,1,6,7,1.8750,4
100536,9,9,489.92,54.435556,156.68,0,0.0000,1.00000000,1.0000,0,0,8,3,1.2222,2
100537,7,7,942.13,134.590000,389.05,0,0.0000,1.00000000,1.0000,0,0,4,3,1.2857,2
100538,7,7,562.78,80.397143,335.49,1,0.1429,1.00000000,1.0000,0,0,5,5,1.5714,3
100539,5,5,469.40,93.880000,171.83,0,0.0000,1.00000000,1.0000,0,0,2,4,1.2000,2
100540,6,6,198.17,33.028333,71.20,0,0.0000,1.00000000,1.0000,0,0,4,4,1.3333,2
100541,5,5,1046.29,209.258000,704.70,0,0.0000,1.00000000,1.0000,0,1,1,3,1.2000,3
100542,6,6,327.97,54.661667,92.58,0,0.0000,1.00000000,1.0000,0,0,4,3,1.1667,2
100543,4,4,113.82,28.455000,38.98,1,0.2500,1.00000000,1.0000,0,0,2,4,1.5000,2
100544,4,4,152.69,38.172500,46.79,0,0.0000,1.00000000,1.0000,0,0,2,2,1.0000,1
100545,8,8,459.77,57.471250,168.40,0,0.0000,1.00000000,1.0000,0,0,6,5,1.3750,2
100546,8,8,680.24,85.030000,394.36,0,0.0000,1.00000000,1.0000,0,0,5,5,1.3750,2
100547,11,10,524.38,47.670909,114.30,0,0.0000,1.09090909,2.0000,0,0,10,6,1.4545,2
100548,3,3,121.99,40.663333,103.48,0,0.0000,1.00000000,1.0000,0,0,3,2,1.6667,2
100549,4,4,484.15,121.037500,243.58,0,0.0000,1.00000000,1.0000,0,0,2,1,0.7500,2
100550,2,2,386.38,193.190000,342.19,0,0.0000,1.00000000,1.0000,0,0,1,1,1.5000,2
100551,4,4,237.65,59.412500,134.07,0,0.0000,1.00000000,1.0000,0,0,4,2,1.5000,2
100552,7,7,687.39,98.198571,347.33,0,0.0000,1.00000000,1.0000,0,0,6,4,1.5714,3
100553,10,9,993.82,99.382000,368.72,0,0.0000,1.10000000,2.0000,0,0,5,6,1.2000,3
100554,7,7,412.45,58.921429,118.86,0,0.0000,1.00000000,1.0000,0,0,3,3,0.8571,2
100555,12,12,648.68,54.056667,149.30,0,0.0000,1.00000000,1.0000,0,0,7,9,1.3333,2
100556,9,9,733.43,81.492222,202.07,0,0.0000,1.00000000,1.0000,0,0,7,4,1.2222,2
100557,11,11,1154.05,104.913636,353.75,0,0.0000,1.00000000,1.0000,0,0,9,7,1.5455,3
100558,9,9,774.54,86.060000,225.11,0,0.0000,1.00000000,1.0000,0,0,8,2,1.1111,2
100559,11,11,691.03,62.820909,178.07,0,0.0000,1.00000000,1.0000,0,0,7,7,1.2727,2
100560,6,6,538.87,89.811667,409.39,0,0.0000,1.00000000,1.0000,0,0,5,5,1.8333,2
100561,5,5,83.84,16.768000,34.19,0,0.0000,1.00000000,1.0000,0,0,2,3,1.0000,2
100562,6,6,262.46,43.743333,90.60,0,0.0000,1.00000000,1.0000,0,0,5,1,1.0000,2
100563,7,7,1084.68,154.954286,792.82,1,0.1429,1.00000000,1.0000,0,1,6,4,1.7143,4
100564,4,4,1006.85,251.712500,730.51,0,0.0000,1.00000000,1.0000,0,1,2,3,1.7500,4
100565,5,5,343.68,68.736000,189.09,0,0.0000,1.20000000,2.0000,0,0,3,3,1.2000,2
100566,8,8,549.18,68.647500,126.87,0,0.0000,1.00000000,1.0000,0,0,3,6,1.1250,2
100567,6,6,761.42,126.903333,474.37,0,0.0000,1.00000000,1.0000,0,0,5,3,1.5000,3
100568,5,5,198.56,39.712000,102.00,0,0.0000,1.00000000,1.0000,0,0,3,3,1.2000,2
100569,7,7,442.90,63.271429,148.52,0,0.0000,1.00000000,1.0000,0,0,4,3,1.0000,2
100570,9,9,977.48,108.608889,391.89,0,0.0000,1.00000000,1.0000,0,0,4,5,1.1111,3
100571,8,8,960.49,120.061250,526.50,0,0.0000,1.00000000,1.0000,0,0,4,3,1.0000,2
100572,11,11,965.09,87.735455,493.56,0,0.0000,1.00000000,1.0000,0,0,7,3,1.0000,2
100573,4,4,120.95,30.237500,56.02,0,0.0000,1.00000000,1.0000,0,0,2,2,1.0000,2
100574,1,1,1.54,1.540000,1.54,0,0.0000,1.00000000,1.0000,0,0,1,1,2.0000,2
100575,6,6,266.15,44.358333,76.05,0,0.0000,1.00000000,1.0000,0,0,4,3,1.1667,2
100576,2,2,162.13,81.065000,84.40,0,0.0000,1.00000000,1.0000,0,0,1,2,1.5000,2
100577,9,8,489.32,54.368889,176.14,0,0.0000,1.11111111,2.0000,0,0,4,3,0.7778,2
100578,7,7,820.51,117.215714,521.95,0,0.0000,1.00000000,1.0000,0,0,0,0,0.1429,1
100579,8,8,357.55,44.693750,129.97,0,0.0000,1.00000000,1.0000,0,0,5,5,1.2500,2
100580,5,5,504.48,100.896000,225.47,0,0.0000,1.00000000,1.0000,0,0,2,4,1.2000,2
100581,8,8,634.61,79.326250,329.65,0,0.0000,1.00000000,1.0000,0,0,5,5,1.3750,3
100582,3,3,806.48,268.826667,749.19,0,0.0000,1.00000000,1.0000,0,1,2,0,1.3333,2
100583,3,3,160.79,53.596667,147.02,0,0.0000,1.00000000,1.0000,0,0,1,1,0.6667,1
100584,7,7,1545.33,220.761429,745.99,0,0.0000,1.00000000,1.0000,0,1,4,2,1.2857,3
100585,5,5,257.93,51.586000,96.78,2,0.4000,1.00000000,1.0000,0,0,3,2,1.0000,2
100586,1,1,123.78,123.780000,123.78,0,0.0000,1.00000000,1.0000,0,0,1,0,1.0000,1
100587,6,6,331.50,55.250000,125.51,0,0.0000,1.00000000,1.0000,0,0,5,1,1.0000,2
100588,10,10,761.12,76.112000,272.66,0,0.0000,1.00000000,1.0000,0,0,5,2,0.7000,2
100589,7,7,365.95,52.278571,180.13,1,0.1429,1.00000000,1.0000,0,0,6,6,1.7143,2
100590,10,10,578.77,57.877000,172.08,0,0.0000,1.00000000,1.0000,0,0,4,3,0.7000,2
100591,7,7,508.37,72.624286,314.03,0,0.0000,1.00000000,1.0000,0,0,5,4,1.2857,2
100592,11,11,588.94,53.540000,232.93,0,0.0000,1.00000000,1.0000,0,0,7,4,1.0000,2
100593,6,6,216.72,36.120000,103.40,1,0.1667,1.00000000,1.0000,0,0,5,4,1.5000,2
100594,6,6,869.86,144.976667,542.93,0,0.0000,1.00000000,1.0000,0,0,4,2,1.1667,2
100595,8,7,666.23,83.278750,225.24,1,0.1250,1.12500000,2.0000,0,0,6,4,1.2500,2
100596,7,7,443.23,63.318571,104.74,1,0.1429,1.00000000,1.0000,0,0,5,5,1.4286,2
100597,4,4,611.93,152.982500,286.34,0,0.0000,1.00000000,1.0000,0,0,4,3,1.7500,2
100598,11,10,388.94,35.358182,84.39,1,0.0909,1.09090909,2.0000,0,0,5,9,1.2727,2
100599,6,6,565.85,94.308333,289.31,0,0.0000,1.00000000,1.0000,0,0,3,1,0.6667,2
100600,7,7,832.13,118.875714,364.33,1,0.1429,1.00000000,1.0000,0,0,5,3,1.2857,2
100601,5,5,176.06,35.212000,55.49,1,0.2000,1.00000000,1.0000,0,0,5,3,1.6000,2
100602,5,5,113.99,22.798000,50.76,0,0.0000,1.00000000,1.0000,0,0,4,3,1.4000,2
100603,11,11,1070.72,97.338182,281.68,0,0.0000,1.00000000,1.0000,0,0,6,9,1.3636,2
100604,8,8,694.07,86.758750,151.80,1,0.1250,1.00000000,1.0000,0,0,6,2,1.0000,2
100605,7,7,392.85,56.121429,159.75,0,0.0000,1.00000000,1.0000,0,0,5,2,1.0000,2
100606,11,11,623.49,56.680909,121.98,0,0.0000,1.09090909,2.0000,0,0,7,7,1.2727,2
100607,9,9,764.73,84.970000,286.02,0,0.0000,1.00000000,1.0000,0,0,7,4,1.2222,2
100608,11,11,2963.36,269.396364,1928.61,0,0.0000,1.00000000,1.0000,0,1,8,6,1.5455,4
100609,9,9,742.11,82.456667,268.44,0,0.0000,1.00000000,1.0000,0,0,5,5,1.1111,2
100610,6,6,189.05,31.508333,45.83,0,0.0000,1.00000000,1.0000,0,0,3,2,0.8333,2
100611,5,5,838.82,167.764000,522.48,0,0.0000,1.00000000,1.0000,0,0,3,2,1.2000,2
100612,6,6,252.65,42.108333,94.02,0,0.0000,1.00000000,1.0000,0,0,5,5,1.6667,2
100613,9,9,906.40,100.711111,434.50,0,0.0000,1.00000000,1.0000,0,0,5,5,1.2222,2
100614,7,7,403.96,57.708571,187.71,1,0.1429,1.00000000,1.0000,0,0,4,4,1.1429,2
100615,6,6,782.75,130.458333,288.44,0,0.0000,1.00000000,1.0000,0,0,2,5,1.1667,2
100616,8,8,584.83,73.103750,281.11,0,0.0000,1.00000000,1.0000,0,0,6,5,1.3750,2
100617,3,3,282.43,94.143333,151.39,1,0.3333,1.00000000,1.0000,0,0,3,1,1.3333,2
100618,11,11,531.61,48.328182,180.30,1,0.0909,1.00000000,1.0000,0,0,6,8,1.2727,2
100619,6,6,922.71,153.785000,677.40,1,0.1667,1.00000000,1.0000,0,1,2,5,1.5000,2
100620,11,11,771.68,70.152727,183.09,0,0.0000,1.00000000,1.0000,0,0,7,7,1.2727,2
100621,13,13,1455.05,111.926923,534.62,0,0.0000,1.07692308,2.0000,0,0,11,7,1.4615,3
100622,2,2,130.27,65.135000,75.42,0,0.0000,1.00000000,1.0000,0,0,1,0,0.5000,1
100623,6,6,571.50,95.250000,446.25,0,0.0000,1.00000000,1.0000,0,0,2,3,1.0000,2
100624,8,8,336.77,42.096250,100.00,1,0.1250,1.00000000,1.0000,0,0,6,4,1.2500,2
100625,3,3,162.89,54.296667,88.49,0,0.0000,1.00000000,1.0000,0,0,2,2,1.3333,2
100626,4,4,231.08,57.770000,167.73,0,0.0000,1.00000000,1.0000,0,0,3,4,1.7500,2
100627,7,7,420.12,60.017143,124.50,0,0.0000,1.00000000,1.0000,0,0,2,3,0.7143,2
100628,7,7,440.50,62.928571,140.37,0,0.0000,1.14285714,2.0000,0,0,7,2,1.2857,2
100629,3,3,136.40,45.466667,65.08,0,0.0000,1.00000000,1.0000,0,0,3,3,2.0000,2
100630,4,4,113.37,28.342500,68.47,0,0.0000,1.00000000,1.0000,0,0,1,1,0.5000,1
100631,7,7,983.23,140.461429,488.62,0,0.0000,1.00000000,1.0000,0,0,3,1,0.7143,2
100632,8,8,945.97,118.246250,319.12,0,0.0000,1.00000000,1.0000,0,0,8,3,1.3750,2
100633,4,4,275.18,68.795000,129.36,0,0.0000,1.00000000,1.0000,0,0,2,2,1.0000,1
100634,10,9,641.72,64.172000,177.99,0,0.0000,1.20000000,2.0000,0,0,6,3,0.9000,2
100635,5,5,527.31,105.462000,329.57,0,0.0000,1.00000000,1.0000,0,0,1,2,0.8000,3
100636,6,6,441.78,73.630000,159.59,0,0.0000,1.00000000,1.0000,0,0,6,3,1.5000,2
100637,7,7,697.10,99.585714,401.38,0,0.0000,1.14285714,2.0000,0,0,5,4,1.4286,2
100638,10,10,606.61,60.661000,99.49,1,0.1000,1.00000000,1.0000,0,0,9,7,1.6000,2
100639,5,5,165.95,33.190000,110.28,0,0.0000,1.00000000,1.0000,0,0,1,5,1.2000,2
100640,6,6,362.27,60.378333,208.20,0,0.0000,1.00000000,1.0000,0,0,4,0,0.6667,1
100641,7,7,992.86,141.837143,394.85,1,0.1429,1.00000000,1.0000,0,0,4,7,1.7143,2
100642,7,6,544.26,77.751429,241.98,0,0.0000,1.14285714,2.0000,0,0,5,4,1.2857,2
100643,6,6,1009.16,168.193333,538.82,0,0.0000,1.00000000,1.0000,0,0,4,1,1.0000,2
100644,9,9,356.36,39.595556,133.47,0,0.0000,1.00000000,1.0000,0,0,4,3,0.7778,2
100645,5,5,1006.60,201.320000,309.18,1,0.2000,1.00000000,1.0000,0,0,2,5,1.4000,2
100646,16,15,588.14,36.758750,159.17,0,0.0000,1.06250000,2.0000,0,0,13,8,1.3125,2
100647,5,5,401.76,80.352000,249.37,0,0.0000,1.00000000,1.0000,0,0,3,2,1.0000,1
100648,3,3,114.88,38.293333,79.55,0,0.0000,1.00000000,1.0000,0,0,3,1,1.3333,2
100649,7,7,299.40,42.771429,109.28,0,0.0000,1.00000000,1.0000,0,0,5,1,0.8571,2
100650,5,5,1055.28,211.056000,920.39,0,0.0000,1.00000000,1.0000,0,1,2,1,1.0000,2
100651,11,11,756.86,68.805455,405.99,0,0.0000,1.00000000,1.0000,0,0,7,5,1.1818,2
100652,1,1,69.75,69.750000,69.75,0,0.0000,1.00000000,1.0000,0,0,1,1,2.0000,2
100653,9,9,688.26,76.473333,235.23,0,0.0000,1.11111111,2.0000,0,0,6,3,1.0000,2
100654,3,3,199.29,66.430000,182.88,0,0.0000,1.00000000,1.0000,0,0,1,2,1.0000,1
100655,12,11,1115.70,92.975000,296.05,1,0.0833,1.16666667,2.0000,0,0,10,9,1.5833,2
100656,4,4,404.97,101.242500,189.11,0,0.0000,1.00000000,1.0000,0,0,2,3,1.2500,2
100657,5,5,418.06,83.612000,139.25,0,0.0000,1.00000000,1.0000,0,0,3,3,1.2000,2
100658,5,5,1033.19,206.638000,553.04,0,0.0000,1.00000000,1.0000,0,0,3,1,1.2000,2
100659,7,6,1384.01,197.715714,889.34,0,0.0000,1.14285714,2.0000,0,1,4,4,1.4286,3
100660,4,4,377.06,94.265000,212.22,1,0.2500,1.00000000,1.0000,0,0,4,3,1.7500,2
100661,8,8,263.53,32.941250,94.29,0,0.0000,1.00000000,1.0000,0,0,6,4,1.2500,2
100662,9,9,544.54,60.504444,220.47,0,0.0000,1.00000000,1.0000,0,0,6,4,1.1111,2
100663,5,5,698.27,139.654000,448.03,0,0.0000,1.00000000,1.0000,0,0,4,2,1.4000,2
100664,7,7,1065.99,152.284286,289.30,0,0.0000,1.00000000,1.0000,0,0,5,4,1.2857,2
100665,7,6,332.55,47.507143,85.76,0,0.0000,1.14285714,2.0000,0,0,6,3,1.2857,2
100666,11,11,1155.13,105.011818,440.12,0,0.0000,1.00000000,1.0000,0,0,6,5,1.0909,2
100667,13,13,1183.54,91.041538,360.55,0,0.0000,1.00000000,1.0000,0,0,8,9,1.3846,3
100668,10,10,1028.71,102.871000,431.71,0,0.0000,1.00000000,1.0000,0,0,6,5,1.2000,2
100669,6,6,1229.21,204.868333,831.24,0,0.0000,1.00000000,1.0000,0,1,4,3,1.5000,2
100670,4,4,412.84,103.210000,234.32,0,0.0000,1.00000000,1.0000,0,0,4,3,1.7500,2
100671,6,6,295.67,49.278333,139.53,0,0.0000,1.00000000,1.0000,0,0,4,3,1.1667,2
100672,11,10,1038.46,94.405455,249.74,0,0.0000,1.09090909,2.0000,0,0,7,8,1.3636,2
100673,5,5,577.03,115.406000,211.05,0,0.0000,1.00000000,1.0000,0,0,5,3,1.6000,2
100674,4,4,254.91,63.727500,93.77,0,0.0000,1.00000000,1.0000,0,0,4,0,1.0000,1
100675,2,2,312.96,156.480000,286.02,0,0.0000,1.00000000,1.0000,0,0,1,0,0.5000,1
100676,11,11,1208.20,109.836364,347.29,0,0.0000,1.00000000,1.0000,0,0,8,7,1.4545,3
100677,7,7,510.54,72.934286,244.06,0,0.0000,1.00000000,1.0000,0,0,3,2,0.7143,2
100678,7,7,893.93,127.704286,428.30,0,0.0000,1.00000000,1.0000,0,0,4,4,1.2857,2
100679,8,8,314.48,39.310000,115.26,0,0.0000,1.00000000,1.0000,0,0,4,3,0.8750,2
100680,6,6,658.80,109.800000,581.33,0,0.0000,1.00000000,1.0000,0,0,5,3,1.5000,3
100681,8,8,709.05,88.631250,292.15,0,0.0000,1.00000000,1.0000,0,0,7,4,1.3750,2
100682,6,6,399.83,66.638333,163.92,0,0.0000,1.16666667,2.0000,0,0,2,2,0.6667,1
100683,6,6,808.07,134.678333,422.94,1,0.1667,1.00000000,1.0000,0,0,4,3,1.3333,2
100684,9,9,1039.38,115.486667,456.90,1,0.1111,1.00000000,1.0000,0,0,6,6,1.4444,2
100685,4,4,501.80,125.450000,268.30,0,0.0000,1.00000000,1.0000,0,0,3,2,1.2500,2
100686,9,9,696.83,77.425556,418.20,0,0.0000,1.00000000,1.0000,0,0,4,4,1.0000,2
100687,3,3,202.45,67.483333,164.07,0,0.0000,1.00000000,1.0000,0,0,1,1,0.6667,2
100688,6,6,466.49,77.748333,255.20,0,0.0000,1.00000000,1.0000,0,0,5,4,1.5000,2
100689,8,8,511.99,63.998750,271.90,1,0.1250,1.00000000,1.0000,0,0,5,2,0.8750,2
100690,6,6,1464.86,244.143333,566.81,1,0.1667,1.00000000,1.0000,0,0,4,3,1.3333,2
100691,4,4,403.93,100.982500,303.96,0,0.0000,1.00000000,1.0000,0,0,4,4,2.0000,2
100692,8,8,1109.47,138.683750,434.71,1,0.1250,1.00000000,1.0000,0,0,7,4,1.5000,2
100693,6,6,351.64,58.606667,227.27,0,0.0000,1.00000000,1.0000,0,0,3,3,1.0000,2
100694,10,10,1407.72,140.772000,456.36,0,0.0000,1.00000000,1.0000,0,0,5,7,1.4000,2
100695,4,4,365.12,91.280000,229.49,0,0.0000,1.00000000,1.0000,0,0,2,3,1.2500,2
100696,8,8,288.01,36.001250,108.89,0,0.0000,1.00000000,1.0000,0,0,4,4,1.0000,2
100697,4,4,1187.19,296.797500,813.53,0,0.0000,1.00000000,1.0000,0,1,2,2,1.5000,3
100698,6,6,958.54,159.756667,758.44,1,0.1667,1.00000000,1.0000,0,1,6,2,1.6667,3
100699,5,5,404.23,80.846000,246.26,0,0.0000,1.00000000,1.0000,0,0,4,4,1.6000,2
100700,5,5,178.17,35.634000,50.73,0,0.0000,1.00000000,1.0000,0,0,3,2,1.0000,2
100701,7,7,425.30,60.757143,176.06,0,0.0000,1.00000000,1.0000,0,0,0,3,0.4286,1
100702,3,3,305.07,101.690000,163.28,0,0.0000,1.00000000,1.0000,0,0,2,2,1.3333,2
100703,5,5,435.06,87.012000,304.24,0,0.0000,1.00000000,1.0000,0,0,2,2,0.8000,1
100704,6,6,227.42,37.903333,93.08,0,0.0000,1.00000000,1.0000,0,0,3,3,1.0000,2
100705,5,5,1371.12,274.224000,1053.40,0,0.0000,1.00000000,1.0000,0,1,5,5,2.4000,4
100706,4,4,119.31,29.827500,39.69,0,0.0000,1.00000000,1.0000,0,0,3,2,1.2500,2
100707,6,6,461.32,76.886667,177.16,0,0.0000,1.00000000,1.0000,0,0,4,2,1.0000,2
100708,6,6,512.24,85.373333,250.88,0,0.0000,1.00000000,1.0000,0,0,4,3,1.1667,2
100709,1,1,93.53,93.530000,93.53,0,0.0000,1.00000000,1.0000,0,0,0,1,1.0000,1
100710,8,8,592.72,74.090000,250.85,0,0.0000,1.00000000,1.0000,0,0,5,2,0.8750,2
100711,5,5,292.62,58.524000,140.91,0,0.0000,1.00000000,1.0000,0,0,4,1,1.0000,2
100712,7,7,673.76,96.251429,420.79,0,0.0000,1.00000000,1.0000,0,0,6,3,1.4286,3
100713,5,5,323.66,64.732000,147.51,0,0.0000,1.00000000,1.0000,0,0,3,3,1.2000,2
100714,4,4,303.79,75.947500,146.35,0,0.0000,1.00000000,1.0000,0,0,3,2,1.2500,2
100715,8,8,599.96,74.995000,249.49,0,0.0000,1.00000000,1.0000,0,0,5,6,1.3750,2
100716,9,9,506.79,56.310000,163.40,0,0.0000,1.00000000,1.0000,0,0,5,5,1.1111,2
100717,10,9,429.56,42.956000,86.16,0,0.0000,1.10000000,2.0000,0,0,7,6,1.3000,2
100718,9,9,1299.64,144.404444,728.64,0,0.0000,1.00000000,1.0000,0,1,6,5,1.4444,3
100719,6,5,399.65,66.608333,180.88,0,0.0000,1.16666667,2.0000,0,0,4,6,1.6667,2
100720,9,9,629.55,69.950000,259.08,0,0.0000,1.00000000,1.0000,0,0,8,5,1.4444,2
100721,6,6,548.67,91.445000,305.28,0,0.0000,1.00000000,1.0000,0,0,3,3,1.0000,2
100722,11,11,392.33,35.666364,117.29,0,0.0000,1.00000000,1.0000,0,0,6,8,1.2727,2
100723,10,10,356.84,35.684000,64.61,0,0.0000,1.00000000,1.0000,0,0,8,8,1.6000,2
100724,6,6,275.27,45.878333,111.73,0,0.0000,1.00000000,1.0000,0,0,3,3,1.0000,2
100725,7,7,1079.69,154.241429,442.99,0,0.0000,1.00000000,1.0000,0,0,2,3,0.8571,2
100726,7,7,1703.26,243.322857,530.20,0,0.0000,1.00000000,1.0000,0,0,6,3,1.5714,2
100727,8,8,322.84,40.355000,119.22,1,0.1250,1.00000000,1.0000,0,0,5,5,1.2500,2
100728,5,5,428.86,85.772000,220.14,0,0.0000,1.00000000,1.0000,0,0,3,3,1.2000,2
100729,6,5,513.29,85.548333,293.19,0,0.0000,1.16666667,2.0000,0,0,4,3,1.1667,2
100730,4,4,204.32,51.080000,162.91,0,0.0000,1.00000000,1.0000,0,0,1,2,0.7500,1
100731,7,7,941.33,134.475714,397.42,0,0.0000,1.00000000,1.0000,0,0,6,2,1.2857,3
100732,7,7,1221.27,174.467143,981.51,0,0.0000,1.00000000,1.0000,0,1,4,3,1.2857,4
100733,8,8,440.50,55.062500,198.45,0,0.0000,1.00000000,1.0000,0,0,5,4,1.1250,2
100734,7,7,804.26,114.894286,408.60,0,0.0000,1.00000000,1.0000,0,0,5,4,1.4286,2
100735,11,11,2452.44,222.949091,904.11,0,0.0000,1.09090909,2.0000,0,2,8,3,1.4545,4
100736,7,7,870.40,124.342857,462.46,0,0.0000,1.00000000,1.0000,0,0,4,3,1.1429,2
100737,5,5,1006.09,201.218000,494.83,0,0.0000,1.00000000,1.0000,0,0,4,2,1.4000,2
100738,5,5,369.97,73.994000,216.64,0,0.0000,1.00000000,1.0000,0,0,4,3,1.4000,2
100739,7,7,443.39,63.341429,170.63,0,0.0000,1.00000000,1.0000,0,0,5,2,1.0000,2
100740,8,8,680.92,85.115000,186.49,0,0.0000,1.00000000,1.0000,0,0,4,7,1.3750,2
100741,5,4,276.99,55.398000,117.46,0,0.0000,1.20000000,2.0000,0,0,4,4,1.6000,2
100742,7,7,375.76,53.680000,130.39,0,0.0000,1.00000000,1.0000,0,0,4,4,1.1429,2
100743,5,5,444.20,88.840000,211.82,1,0.2000,1.00000000,1.0000,0,0,4,3,1.4000,2
100744,7,7,532.53,76.075714,166.44,0,0.0000,1.00000000,1.0000,0,0,7,3,1.4286,2
100745,11,11,375.04,34.094545,117.31,1,0.0909,1.00000000,1.0000,0,0,9,6,1.3636,2
100746,8,8,666.47,83.308750,348.96,0,0.0000,1.00000000,1.0000,0,0,6,6,1.6250,3
100747,6,6,261.22,43.536667,105.36,0,0.0000,1.00000000,1.0000,0,0,5,3,1.3333,2
100748,4,4,318.02,79.505000,114.57,0,0.0000,1.00000000,1.0000,0,0,1,2,0.7500,2
100749,7,7,1179.51,168.501429,419.35,1,0.1429,1.00000000,1.0000,0,0,5,4,1.4286,2
100750,5,5,425.78,85.156000,198.87,0,0.0000,1.00000000,1.0000,0,0,4,2,1.2000,2
100751,8,8,1637.76,204.720000,1486.10,1,0.1250,1.00000000,1.0000,0,1,7,6,1.8750,3
100752,8,8,3605.84,450.730000,2973.25,1,0.1250,1.00000000,1.0000,0,1,4,5,1.5000,3
100753,7,7,298.05,42.578571,131.86,1,0.1429,1.00000000,1.0000,0,0,6,6,1.7143,2
100754,7,7,454.51,64.930000,147.70,0,0.0000,1.14285714,2.0000,0,0,5,4,1.2857,2
100755,5,5,439.34,87.868000,243.24,0,0.0000,1.00000000,1.0000,0,0,2,3,1.0000,2
100756,9,9,802.51,89.167778,335.64,1,0.1111,1.00000000,1.0000,0,0,5,4,1.1111,2
100757,3,3,236.03,78.676667,158.70,0,0.0000,1.00000000,1.0000,0,0,2,0,0.6667,1
100758,6,6,1035.79,172.631667,793.71,0,0.0000,1.00000000,1.0000,0,1,4,2,1.3333,3
100759,5,5,348.71,69.742000,135.39,0,0.0000,1.00000000,1.0000,0,0,2,3,1.0000,2
100760,4,4,177.39,44.347500,82.21,0,0.0000,1.00000000,1.0000,0,0,3,2,1.2500,2
100761,9,9,857.73,95.303333,371.55,0,0.0000,1.00000000,1.0000,0,0,8,4,1.4444,2
100762,9,8,903.29,100.365556,414.05,0,0.0000,1.11111111,2.0000,0,0,6,3,1.1111,2
100763,5,5,459.02,91.804000,176.95,0,0.0000,1.00000000,1.0000,0,0,5,3,1.6000,2
100764,7,7,317.38,45.340000,139.59,0,0.0000,1.00000000,1.0000,0,0,5,4,1.2857,2
100765,9,9,468.28,52.031111,129.05,0,0.0000,1.00000000,1.0000,0,0,7,2,1.0000,2
100766,9,9,386.87,42.985556,101.51,1,0.1111,1.00000000,1.0000,0,0,6,4,1.1111,2
100767,8,8,410.80,51.350000,169.83,1,0.1250,1.00000000,1.0000,0,0,3,3,0.7500,2
100768,4,4,158.18,39.545000,78.29,1,0.2500,1.00000000,1.0000,0,0,3,2,1.2500,2
100769,11,11,532.94,48.449091,133.29,0,0.0000,1.00000000,1.0000,0,0,8,5,1.1818,2
100770,9,9,792.02,88.002222,212.21,0,0.0000,1.00000000,1.0000,0,0,6,5,1.2222,2
100771,11,11,949.27,86.297273,430.15,0,0.0000,1.00000000,1.0000,0,0,7,5,1.1818,2
100772,9,9,874.99,97.221111,698.24,0,0.0000,1.00000000,1.0000,0,1,4,7,1.4444,3
100773,7,7,671.45,95.921429,174.07,0,0.0000,1.00000000,1.0000,0,0,4,2,0.8571,2
100774,4,4,162.96,40.740000,63.76,1,0.2500,1.00000000,1.0000,0,0,3,2,1.2500,2
100775,7,7,1055.15,150.735714,644.23,0,0.0000,1.14285714,2.0000,0,1,4,4,1.4286,3
100776,3,3,1610.00,536.666667,1556.19,0,0.0000,1.00000000,1.0000,0,1,3,1,2.0000,3
100777,2,2,51.56,25.780000,44.63,0,0.0000,1.00000000,1.0000,0,0,2,1,1.5000,2
100778,8,8,2329.61,291.201250,1726.43,2,0.2500,1.00000000,1.0000,0,1,6,3,1.3750,3
100779,11,11,586.70,53.336364,156.03,1,0.0909,1.00000000,1.0000,0,0,5,7,1.0909,2
100780,6,6,176.36,29.393333,55.26,0,0.0000,1.00000000,1.0000,0,0,2,2,0.6667,1
100781,5,5,986.09,197.218000,335.74,0,0.0000,1.00000000,1.0000,0,0,4,4,1.8000,3
100782,4,4,291.28,72.820000,168.71,0,0.0000,1.00000000,1.0000,0,0,1,2,0.7500,1
100783,9,9,576.58,64.064444,172.82,0,0.0000,1.00000000,1.0000,0,0,6,2,0.8889,2
100784,11,11,816.29,74.208182,278.36,0,0.0000,1.00000000,1.0000,0,0,6,5,1.0000,2
100785,5,5,356.77,71.354000,250.44,0,0.0000,1.00000000,1.0000,0,0,3,3,1.2000,2
100786,13,13,761.03,58.540769,312.94,1,0.0769,1.00000000,1.0000,0,0,9,8,1.3077,2
100787,12,12,3690.41,307.534167,1920.80,2,0.1667,1.00000000,1.0000,0,2,6,3,1.0833,3
100788,3,3,267.54,89.180000,127.01,0,0.0000,1.00000000,1.0000,0,0,1,2,1.0000,2
100789,7,7,465.41,66.487143,165.58,0,0.0000,1.00000000,1.0000,0,0,5,3,1.1429,2
100790,7,7,301.13,43.018571,129.26,1,0.1429,1.00000000,1.0000,0,0,3,4,1.0000,2
100791,3,3,50.85,16.950000,22.42,1,0.3333,1.00000000,1.0000,0,0,2,1,1.0000,2
100792,5,5,913.70,182.740000,414.94,0,0.0000,1.00000000,1.0000,0,0,4,3,1.8000,3
100793,6,6,346.78,57.796667,187.42,0,0.0000,1.00000000,1.0000,0,0,3,4,1.1667,2
100794,5,5,489.94,97.988000,242.36,0,0.0000,1.00000000,1.0000,0,0,4,2,1.2000,2
100795,10,10,598.20,59.820000,109.29,1,0.1000,1.00000000,1.0000,0,0,7,6,1.3000,2
100796,6,6,222.24,37.040000,108.14,0,0.0000,1.00000000,1.0000,0,0,3,3,1.0000,2
100797,5,5,258.54,51.708000,92.86,0,0.0000,1.00000000,1.0000,0,0,3,2,1.0000,2
100798,7,7,984.97,140.710000,529.31,1,0.1429,1.00000000,1.0000,0,0,4,5,1.4286,3
100799,8,8,1076.76,134.595000,496.71,1,0.1250,1.00000000,1.0000,0,0,5,5,1.5000,3
100800,7,7,888.28,126.897143,314.52,2,0.2857,1.00000000,1.0000,0,0,6,3,1.2857,2
100801,3,3,1448.74,482.913333,1233.25,1,0.3333,1.00000000,1.0000,0,1,2,1,1.6667,4
100802,4,4,229.57,57.392500,93.87,0,0.0000,1.00000000,1.0000,0,0,1,2,0.7500,1
100803,4,4,414.61,103.652500,179.67,0,0.0000,1.00000000,1.0000,0,0,2,2,1.0000,1
100804,3,3,359.37,119.790000,320.27,0,0.0000,1.00000000,1.0000,0,0,2,2,1.3333,2
100805,5,5,329.35,65.870000,99.35,0,0.0000,1.00000000,1.0000,0,0,4,3,1.4000,2
100806,9,9,280.87,31.207778,47.39,0,0.0000,1.00000000,1.0000,0,0,7,3,1.1111,2
100807,6,6,935.35,155.891667,603.48,0,0.0000,1.00000000,1.0000,0,1,5,5,2.0000,3
100808,8,8,741.56,92.695000,305.49,0,0.0000,1.00000000,1.0000,0,0,7,5,1.5000,2
100809,8,8,671.77,83.971250,282.58,0,0.0000,1.00000000,1.0000,0,0,4,5,1.1250,2
100810,3,3,25.60,8.533333,11.91,0,0.0000,1.00000000,1.0000,0,0,1,3,1.3333,2
100811,12,11,754.32,62.860000,247.16,0,0.0000,1.08333333,2.0000,0,0,8,5,1.0833,2
100812,2,2,65.88,32.940000,43.59,1,0.5000,1.00000000,1.0000,0,0,2,2,2.0000,2
100813,3,3,202.24,67.413333,126.12,0,0.0000,1.00000000,1.0000,0,0,2,2,1.3333,2
100814,5,5,778.46,155.692000,462.32,0,0.0000,1.00000000,1.0000,0,0,2,3,1.2000,2
100815,5,5,64.84,12.968000,21.12,0,0.0000,1.00000000,1.0000,0,0,5,3,1.6000,2
100816,10,10,891.45,89.145000,364.29,0,0.0000,1.00000000,1.0000,0,0,5,4,1.0000,2
100817,4,4,135.42,33.855000,75.05,0,0.0000,1.00000000,1.0000,0,0,2,3,1.2500,2
100818,3,3,117.30,39.100000,54.44,0,0.0000,1.00000000,1.0000,0,0,2,2,1.3333,2
100819,4,4,143.93,35.982500,65.48,1,0.2500,1.00000000,1.0000,0,0,4,2,1.5000,2
100820,10,10,886.44,88.644000,195.01,0,0.0000,1.00000000,1.0000,0,0,8,5,1.3000,2
100821,6,6,903.67,150.611667,734.68,0,0.0000,1.00000000,1.0000,0,1,4,2,1.3333,3
100823,10,10,1053.07,105.307000,638.56,0,0.0000,1.00000000,1.0000,0,1,7,3,1.2000,3
100824,7,7,769.63,109.947143,264.34,0,0.0000,1.14285714,2.0000,0,0,6,4,1.4286,2
100825,10,10,3048.58,304.858000,1400.07,1,0.1000,1.00000000,1.0000,0,2,4,6,1.4000,4
100826,5,5,450.93,90.186000,280.51,1,0.2000,1.00000000,1.0000,0,0,4,3,1.4000,2
100827,5,5,550.49,110.098000,326.40,0,0.0000,1.00000000,1.0000,0,0,4,3,1.6000,2
100828,11,11,684.05,62.186364,351.31,0,0.0000,1.00000000,1.0000,0,0,7,5,1.1818,3
100829,8,8,179.31,22.413750,60.77,0,0.0000,1.00000000,1.0000,0,0,6,5,1.3750,2
100830,10,10,1370.29,137.029000,563.06,0,0.0000,1.00000000,1.0000,0,0,7,5,1.3000,2
100831,6,6,367.50,61.250000,114.67,0,0.0000,1.00000000,1.0000,0,0,1,4,0.8333,1
100832,7,7,621.99,88.855714,315.65,0,0.0000,1.00000000,1.0000,0,0,4,4,1.1429,2
100833,4,4,250.57,62.642500,183.94,0,0.0000,1.00000000,1.0000,0,0,3,2,1.2500,2
100834,5,5,524.35,104.870000,283.28,0,0.0000,1.00000000,1.0000,0,0,2,2,0.8000,1
100835,3,3,224.32,74.773333,80.51,0,0.0000,1.00000000,1.0000,0,0,3,1,1.3333,2
100836,7,7,279.79,39.970000,156.01,0,0.0000,1.00000000,1.0000,0,0,7,3,1.4286,2
100837,4,4,210.45,52.612500,84.97,0,0.0000,1.00000000,1.0000,0,0,3,0,0.7500,1
100838,6,6,276.64,46.106667,101.91,0,0.0000,1.00000000,1.0000,0,0,5,1,1.0000,2
100839,7,7,1364.08,194.868571,679.12,0,0.0000,1.00000000,1.0000,0,1,4,2,1.1429,3
100840,8,8,597.39,74.673750,200.95,0,0.0000,1.00000000,1.0000,0,0,6,0,0.7500,1
100841,6,6,357.13,59.521667,193.09,1,0.1667,1.00000000,1.0000,0,0,5,4,1.5000,2
100842,3,3,35.48,11.826667,18.28,1,0.3333,1.00000000,1.0000,0,0,3,1,1.3333,2
100843,3,3,380.86,126.953333,220.01,0,0.0000,1.00000000,1.0000,0,0,3,3,2.0000,2
100844,9,9,3607.89,400.876667,2792.99,1,0.1111,1.00000000,1.0000,0,1,5,3,1.1111,3
100845,1,1,31.26,31.260000,31.26,0,0.0000,1.00000000,1.0000,0,0,1,1,2.0000,2
100846,8,8,607.95,75.993750,164.75,0,0.0000,1.00000000,1.0000,0,0,3,3,0.7500,2
100847,5,5,367.28,73.456000,207.35,0,0.0000,1.00000000,1.0000,0,0,4,2,1.2000,2
100848,8,8,1202.17,150.271250,535.76,0,0.0000,1.00000000,1.0000,0,0,8,5,1.7500,3
100849,9,9,1353.10,150.344444,338.00,0,0.0000,1.00000000,1.0000,0,0,5,6,1.3333,3
100850,7,7,615.67,87.952857,303.22,0,0.0000,1.00000000,1.0000,0,0,6,5,1.5714,2
100851,4,4,117.29,29.322500,41.64,0,0.0000,1.00000000,1.0000,0,0,1,2,0.7500,2
100852,6,6,349.97,58.328333,95.07,0,0.0000,1.00000000,1.0000,0,0,2,2,0.6667,2
100853,6,6,432.74,72.123333,206.45,1,0.1667,1.00000000,1.0000,0,0,4,5,1.5000,2
100854,11,11,1311.90,119.263636,667.16,0,0.0000,1.00000000,1.0000,0,1,7,3,1.0909,4
100855,6,6,468.95,78.158333,186.02,1,0.1667,1.00000000,1.0000,0,0,3,5,1.3333,2
100856,7,7,519.63,74.232857,215.78,1,0.1429,1.00000000,1.0000,0,0,4,3,1.0000,2
100857,5,5,348.45,69.690000,152.38,0,0.0000,1.00000000,1.0000,0,0,2,1,0.6000,1
100858,7,7,323.86,46.265714,115.50,0,0.0000,1.00000000,1.0000,0,0,6,4,1.4286,2
100859,9,9,690.44,76.715556,369.11,0,0.0000,1.00000000,1.0000,0,0,4,5,1.1111,2
100860,7,7,360.77,51.538571,156.08,0,0.0000,1.00000000,1.0000,0,0,5,4,1.2857,2
100861,7,7,1051.36,150.194286,537.33,0,0.0000,1.00000000,1.0000,0,0,6,3,1.4286,2
100862,6,6,177.39,29.565000,65.62,0,0.0000,1.00000000,1.0000,0,0,4,4,1.3333,2
100863,3,3,153.97,51.323333,101.45,0,0.0000,1.00000000,1.0000,0,0,3,3,2.0000,2
100864,6,6,492.30,82.050000,208.93,0,0.0000,1.00000000,1.0000,0,0,4,3,1.1667,2
100865,8,8,894.37,111.796250,426.64,1,0.1250,1.00000000,1.0000,0,0,7,5,1.6250,3
100866,8,8,287.18,35.897500,133.76,0,0.0000,1.00000000,1.0000,0,0,6,2,1.0000,2
100867,2,2,81.13,40.565000,43.83,0,0.0000,1.00000000,1.0000,0,0,1,1,1.0000,1
100868,10,10,1338.27,133.827000,693.99,0,0.0000,1.00000000,1.0000,0,1,7,6,1.5000,3
100869,4,4,152.06,38.015000,91.65,0,0.0000,1.00000000,1.0000,0,0,3,0,0.7500,1
100870,10,10,598.31,59.831000,151.88,0,0.0000,1.00000000,1.0000,0,0,8,4,1.2000,2
100871,8,8,2615.76,326.970000,2231.89,1,0.1250,1.00000000,1.0000,0,1,5,3,1.2500,3
100872,3,3,299.34,99.780000,151.40,0,0.0000,1.00000000,1.0000,0,0,2,3,1.6667,2
100873,7,7,1251.15,178.735714,441.70,0,0.0000,1.00000000,1.0000,0,0,6,2,1.4286,3
100874,5,5,166.86,33.372000,65.69,0,0.0000,1.00000000,1.0000,0,0,4,3,1.4000,2
100875,6,6,669.83,111.638333,236.58,0,0.0000,1.00000000,1.0000,0,0,5,1,1.0000,2
100876,4,4,228.93,57.232500,116.31,0,0.0000,1.00000000,1.0000,0,0,3,2,1.2500,2
100877,4,4,254.92,63.730000,173.60,0,0.0000,1.00000000,1.0000,0,0,3,2,1.2500,2
100878,10,10,1103.63,110.363000,574.53,1,0.1000,1.00000000,1.0000,0,0,6,4,1.1000,2
100879,6,6,230.01,38.335000,102.95,0,0.0000,1.00000000,1.0000,0,0,2,3,0.8333,2
100880,5,5,188.60,37.720000,87.77,1,0.2000,1.00000000,1.0000,0,0,4,3,1.4000,2
100881,8,8,662.90,82.862500,295.07,1,0.1250,1.00000000,1.0000,0,0,6,7,1.6250,2
100882,7,7,766.43,109.490000,412.92,1,0.1429,1.00000000,1.0000,0,0,5,4,1.4286,3
100883,9,9,843.18,93.686667,298.53,1,0.1111,1.00000000,1.0000,0,0,6,5,1.2222,2
100884,4,4,79.24,19.810000,35.25,0,0.0000,1.00000000,1.0000,0,0,2,2,1.0000,2
100885,6,6,786.96,131.160000,491.84,0,0.0000,1.00000000,1.0000,0,0,5,5,1.8333,2
100886,8,8,422.75,52.843750,165.33,0,0.0000,1.00000000,1.0000,0,0,5,5,1.2500,2
100887,2,2,170.95,85.475000,90.37,0,0.0000,1.00000000,1.0000,0,0,2,0,1.0000,1
100888,11,11,1352.18,122.925455,795.53,0,0.0000,1.00000000,1.0000,0,1,9,5,1.4545,3
100889,6,6,332.15,55.358333,110.76,0,0.0000,1.00000000,1.0000,0,0,5,2,1.1667,2
100890,5,5,439.95,87.990000,224.32,0,0.0000,1.00000000,1.0000,0,0,4,4,1.6000,2
100891,5,5,927.11,185.422000,752.84,0,0.0000,1.00000000,1.0000,0,1,4,2,1.6000,3
100892,3,3,205.17,68.390000,180.17,0,0.0000,1.00000000,1.0000,0,0,1,2,1.0000,2
100893,5,5,509.16,101.832000,366.25,0,0.0000,1.00000000,1.0000,0,0,4,2,1.4000,3
100894,7,7,680.83,97.261429,290.44,0,0.0000,1.00000000,1.0000,0,0,5,3,1.1429,2
100895,12,12,1703.84,141.986667,689.57,0,0.0000,1.00000000,1.0000,0,1,9,6,1.4167,4
100896,5,5,262.91,52.582000,77.21,0,0.0000,1.00000000,1.0000,0,0,3,4,1.4000,2
100897,3,3,210.50,70.166667,127.88,0,0.0000,1.00000000,1.0000,0,0,1,0,0.3333,1
100898,7,7,1422.98,203.282857,661.15,0,0.0000,1.00000000,1.0000,0,1,4,3,1.4286,2
100899,7,7,295.46,42.208571,120.23,0,0.0000,1.00000000,1.0000,0,0,5,6,1.5714,2
100900,9,9,765.70,85.077778,307.39,1,0.1111,1.00000000,1.0000,0,0,6,4,1.1111,2
100901,8,8,483.58,60.447500,163.00,0,0.0000,1.00000000,1.0000,0,0,5,7,1.5000,2
100902,8,8,453.93,56.741250,157.22,0,0.0000,1.00000000,1.0000,0,0,4,4,1.0000,2
100903,2,2,123.66,61.830000,114.20,0,0.0000,1.00000000,1.0000,0,0,2,1,1.5000,2
100904,5,5,314.72,62.944000,166.21,0,0.0000,1.00000000,1.0000,0,0,2,1,0.6000,1
100905,6,6,354.30,59.050000,162.65,0,0.0000,1.00000000,1.0000,0,0,4,3,1.1667,2
100906,10,10,558.33,55.833000,228.80,1,0.1000,1.00000000,1.0000,0,0,9,3,1.2000,2
100907,8,8,565.96,70.745000,175.61,0,0.0000,1.00000000,1.0000,0,0,5,4,1.1250,2
100908,7,7,368.20,52.600000,148.73,1,0.1429,1.00000000,1.0000,0,0,3,4,1.0000,2
100909,4,4,146.87,36.717500,98.32,0,0.0000,1.00000000,1.0000,0,0,4,0,1.0000,1
100910,10,10,483.64,48.364000,165.04,0,0.0000,1.00000000,1.0000,0,0,4,5,0.9000,2
100911,9,9,1087.93,120.881111,573.86,0,0.0000,1.00000000,1.0000,0,0,6,2,1.0000,3
100912,7,6,444.15,63.450000,172.73,0,0.0000,1.14285714,2.0000,0,0,3,2,0.7143,2
100913,5,5,466.93,93.386000,292.55,0,0.0000,1.00000000,1.0000,0,0,5,3,1.6000,2
100914,6,6,414.58,69.096667,281.79,2,0.3333,1.00000000,1.0000,0,0,3,5,1.3333,2
100915,7,7,235.90,33.700000,71.44,1,0.1429,1.00000000,1.0000,0,0,4,5,1.2857,2
100916,12,12,1399.99,116.665833,277.40,2,0.1667,1.00000000,1.0000,0,0,10,6,1.3333,2
100917,10,9,1221.87,122.187000,344.57,0,0.0000,1.10000000,2.0000,0,0,8,5,1.4000,3
100918,7,7,598.02,85.431429,245.08,0,0.0000,1.00000000,1.0000,0,0,5,4,1.2857,2
100919,10,10,1115.18,111.518000,576.40,0,0.0000,1.00000000,1.0000,0,0,5,4,1.0000,3
100920,6,6,754.30,125.716667,281.43,0,0.0000,1.00000000,1.0000,0,0,3,2,0.8333,2
100921,7,7,412.80,58.971429,118.57,0,0.0000,1.00000000,1.0000,0,0,4,2,0.8571,2
100922,8,8,2348.23,293.528750,1437.94,1,0.1250,1.00000000,1.0000,0,1,6,4,1.6250,3
100923,12,12,751.86,62.655000,173.78,0,0.0000,1.00000000,1.0000,0,0,8,4,1.0000,2
100924,7,7,561.02,80.145714,217.48,0,0.0000,1.00000000,1.0000,0,0,5,3,1.1429,2
100925,6,6,681.01,113.501667,337.53,0,0.0000,1.00000000,1.0000,0,0,4,2,1.1667,2
100926,6,6,558.75,93.125000,339.25,0,0.0000,1.00000000,1.0000,0,0,3,3,1.1667,3
100927,5,4,269.94,53.988000,93.72,0,0.0000,1.20000000,2.0000,0,0,3,2,1.0000,2
100928,7,7,587.39,83.912857,216.99,0,0.0000,1.00000000,1.0000,0,0,5,1,0.8571,2
100929,2,2,61.04,30.520000,39.60,0,0.0000,1.00000000,1.0000,0,0,1,1,1.0000,1
100930,9,9,1231.98,136.886667,693.66,1,0.1111,1.00000000,1.0000,0,1,8,6,1.7778,4
100931,4,4,385.70,96.425000,274.21,0,0.0000,1.00000000,1.0000,0,0,3,3,1.5000,2
100932,8,8,842.15,105.268750,550.16,0,0.0000,1.00000000,1.0000,0,0,5,3,1.1250,2
100933,4,4,159.82,39.955000,64.75,0,0.0000,1.00000000,1.0000,0,0,3,2,1.2500,2
100934,5,5,373.20,74.640000,227.59,0,0.0000,1.00000000,1.0000,0,0,3,3,1.2000,2
100935,8,8,599.08,74.885000,181.40,0,0.0000,1.00000000,1.0000,0,0,5,2,0.8750,2
100936,6,6,213.91,35.651667,57.33,1,0.1667,1.00000000,1.0000,0,0,3,6,1.5000,2
100937,4,4,173.94,43.485000,89.01,0,0.0000,1.00000000,1.0000,0,0,4,2,1.5000,2
100938,8,8,929.84,116.230000,584.72,0,0.0000,1.00000000,1.0000,0,0,4,6,1.3750,3
100939,9,9,1267.84,140.871111,631.55,0,0.0000,1.00000000,1.0000,0,1,4,4,1.1111,3
100940,5,5,277.17,55.434000,94.22,0,0.0000,1.00000000,1.0000,0,0,3,2,1.0000,2
100941,6,6,278.58,46.430000,78.42,0,0.0000,1.00000000,1.0000,0,0,4,3,1.1667,2
100942,8,8,893.92,111.740000,384.57,1,0.1250,1.00000000,1.0000,0,0,6,7,1.7500,2
100943,7,7,319.41,45.630000,172.53,0,0.0000,1.00000000,1.0000,0,0,5,3,1.1429,2
100944,3,3,111.43,37.143333,60.22,0,0.0000,1.00000000,1.0000,0,0,3,2,1.6667,2
100945,8,8,450.08,56.260000,168.82,0,0.0000,1.00000000,1.0000,0,0,8,4,1.5000,2
100946,9,9,832.55,92.505556,296.61,0,0.0000,1.00000000,1.0000,0,0,6,4,1.1111,2
100947,11,11,988.27,89.842727,393.94,0,0.0000,1.00000000,1.0000,0,0,7,5,1.1818,3
100948,8,8,614.38,76.797500,179.95,0,0.0000,1.00000000,1.0000,0,0,6,6,1.5000,2
100949,6,6,253.09,42.181667,68.24,0,0.0000,1.00000000,1.0000,0,0,4,2,1.0000,2
100950,2,2,246.55,123.275000,224.51,0,0.0000,1.00000000,1.0000,0,0,1,1,1.0000,1
100951,7,7,249.15,35.592857,78.89,0,0.0000,1.00000000,1.0000,0,0,4,5,1.2857,2
100952,6,6,1440.29,240.048333,738.89,0,0.0000,1.00000000,1.0000,0,1,4,3,1.6667,4
100953,6,6,239.21,39.868333,110.44,0,0.0000,1.00000000,1.0000,0,0,4,2,1.0000,2
100954,3,3,203.45,67.816667,141.04,0,0.0000,1.00000000,1.0000,0,0,2,2,1.3333,2
100955,7,7,549.66,78.522857,271.33,0,0.0000,1.00000000,1.0000,0,0,7,3,1.4286,2
100956,4,4,475.17,118.792500,261.62,1,0.2500,1.00000000,1.0000,0,0,4,3,1.7500,2
100957,11,11,572.67,52.060909,240.64,0,0.0000,1.00000000,1.0000,0,0,5,5,0.9091,2
100958,11,11,559.43,50.857273,184.41,0,0.0000,1.00000000,1.0000,0,0,5,8,1.1818,2
100959,6,6,232.28,38.713333,69.30,1,0.1667,1.00000000,1.0000,0,0,5,5,1.6667,2
100960,5,5,873.81,174.762000,396.50,1,0.2000,1.00000000,1.0000,0,0,3,3,1.6000,3
100961,5,5,382.10,76.420000,116.46,0,0.0000,1.00000000,1.0000,0,0,4,3,1.4000,2
100962,5,5,402.07,80.414000,180.94,0,0.0000,1.00000000,1.0000,0,0,3,3,1.2000,2
100963,4,4,289.04,72.260000,220.45,0,0.0000,1.00000000,1.0000,0,0,2,1,0.7500,1
100964,1,1,100.57,100.570000,100.57,0,0.0000,1.00000000,1.0000,0,0,1,1,2.0000,2
100965,7,7,490.99,70.141429,108.50,0,0.0000,1.00000000,1.0000,0,0,4,3,1.0000,1
100966,6,6,290.44,48.406667,125.09,1,0.1667,1.00000000,1.0000,0,0,4,4,1.3333,2
100967,7,7,1032.74,147.534286,836.76,0,0.0000,1.00000000,1.0000,0,1,7,6,2.1429,4
100968,3,3,221.26,73.753333,136.98,0,0.0000,1.00000000,1.0000,0,0,2,3,1.6667,2
100969,10,10,742.17,74.217000,318.27,0,0.0000,1.00000000,1.0000,0,0,6,2,0.8000,1
100970,12,11,301.01,25.084167,50.36,0,0.0000,1.16666667,2.0000,0,0,7,6,1.0833,2
100971,5,5,675.13,135.026000,310.04,0,0.0000,1.00000000,1.0000,0,0,3,2,1.0000,2
100972,4,4,287.24,71.810000,143.59,0,0.0000,1.00000000,1.0000,0,0,2,0,0.5000,1
100973,4,4,451.75,112.937500,314.04,0,0.0000,1.00000000,1.0000,0,0,2,3,1.2500,2
100974,7,7,940.08,134.297143,828.34,0,0.0000,1.00000000,1.0000,0,1,4,3,1.2857,2
100975,8,8,689.74,86.217500,329.82,0,0.0000,1.00000000,1.0000,0,0,7,3,1.3750,2
100976,8,8,822.91,102.863750,320.24,0,0.0000,1.00000000,1.0000,0,0,5,5,1.2500,2
100977,6,6,539.48,89.913333,255.98,0,0.0000,1.00000000,1.0000,0,0,6,3,1.5000,2
100978,6,6,370.77,61.795000,155.69,0,0.0000,1.00000000,1.0000,0,0,4,2,1.0000,2
100979,13,13,980.39,75.414615,210.74,1,0.0769,1.00000000,1.0000,0,0,11,6,1.3077,2
100980,3,3,100.94,33.646667,80.64,0,0.0000,1.00000000,1.0000,0,0,3,2,1.6667,2
100981,2,2,188.71,94.355000,181.07,0,0.0000,1.00000000,1.0000,0,0,1,1,1.0000,2
100982,6,6,605.30,100.883333,256.31,0,0.0000,1.00000000,1.0000,0,0,3,2,0.8333,1
100983,6,6,131.57,21.928333,28.90,0,0.0000,1.00000000,1.0000,0,0,5,4,1.5000,2
100984,10,10,858.19,85.819000,268.04,0,0.0000,1.00000000,1.0000,0,0,6,7,1.3000,2
100985,7,7,368.71,52.672857,189.79,0,0.0000,1.00000000,1.0000,0,0,6,4,1.4286,2
100986,2,2,34.35,17.175000,33.16,1,0.5000,1.00000000,1.0000,0,0,2,2,2.0000,2
100987,6,6,371.42,61.903333,119.43,0,0.0000,1.00000000,1.0000,0,0,2,4,1.0000,2
100988,14,14,1737.62,124.115714,1102.61,2,0.1429,1.00000000,1.0000,0,1,9,5,1.1429,3
100989,10,10,495.04,49.504000,167.31,0,0.0000,1.00000000,1.0000,0,0,7,3,1.0000,2
100990,5,5,479.46,95.892000,350.78,0,0.0000,1.00000000,1.0000,0,0,4,3,1.6000,3
100991,9,9,814.37,90.485556,242.92,1,0.1111,1.00000000,1.0000,0,0,7,6,1.4444,2
100992,6,6,1659.96,276.660000,869.53,0,0.0000,1.00000000,1.0000,0,1,4,3,1.6667,4
100993,11,11,1513.43,137.584545,559.67,0,0.0000,1.00000000,1.0000,0,0,8,7,1.5455,3
100994,8,8,598.72,74.840000,257.62,0,0.0000,1.00000000,1.0000,0,0,6,5,1.3750,2
100995,5,5,220.53,44.106000,125.47,0,0.0000,1.00000000,1.0000,0,0,2,2,0.8000,2
100996,9,9,615.12,68.346667,326.93,0,0.0000,1.00000000,1.0000,0,0,6,5,1.3333,2
100997,5,5,465.49,93.098000,347.65,1,0.2000,1.00000000,1.0000,0,0,4,3,1.6000,3
100998,7,7,396.89,56.698571,285.89,0,0.0000,1.00000000,1.0000,0,0,6,2,1.1429,2
100999,5,5,300.92,60.184000,139.47,0,0.0000,1.00000000,1.0000,0,0,4,3,1.4000,2
101000,9,9,1783.28,198.142222,1182.86,1,0.1111,1.00000000,1.0000,0,1,5,5,1.3333,2
101001,7,7,592.14,84.591429,161.93,0,0.0000,1.00000000,1.0000,0,0,4,5,1.2857,2
101002,5,5,839.24,167.848000,434.01,0,0.0000,1.00000000,1.0000,0,0,4,3,1.6000,2
